day,Rise,Set
2021-09-01,2021-09-01T05:25:42Z,2021-09-01T18:55:33Z
2021-09-02,2021-09-02T05:27:09Z,2021-09-02T18:53:47Z
2021-09-03,2021-09-03T05:28:37Z,2021-09-03T18:52:00Z
2021-09-04,2021-09-04T05:30:06Z,2021-09-04T18:50:12Z
2021-09-05,2021-09-05T05:31:34Z,2021-09-05T18:48:23Z
2021-09-06,2021-09-06T05:33:04Z,2021-09-06T18:46:34Z
2021-09-07,2021-09-07T05:34:33Z,2021-09-07T18:44:44Z
2021-09-08,2021-09-08T05:36:03Z,2021-09-08T18:42:53Z
2021-09-09,2021-09-09T05:37:33Z,2021-09-09T18:41:01Z
2021-09-10,2021-09-10T05:39:04Z,2021-09-10T18:39:09Z
2021-09-11,2021-09-11T05:40:35Z,2021-09-11T18:37:17Z
2021-09-12,2021-09-12T05:42:06Z,2021-09-12T18:35:23Z
2021-09-13,2021-09-13T05:43:37Z,2021-09-13T18:33:29Z
2021-09-14,2021-09-14T05:45:09Z,2021-09-14T18:31:35Z
2021-09-15,2021-09-15T05:46:41Z,2021-09-15T18:29:40Z
2021-09-16,2021-09-16T05:48:13Z,2021-09-16T18:27:45Z
2021-09-17,2021-09-17T05:49:45Z,2021-09-17T18:25:49Z
2021-09-18,2021-09-18T05:51:18Z,2021-09-18T18:23:52Z
2021-09-19,2021-09-19T05:52:50Z,2021-09-19T18:21:56Z
2021-09-20,2021-09-20T05:54:23Z,2021-09-20T18:19:59Z
2021-09-21,2021-09-21T05:55:56Z,2021-09-21T18:18:01Z
2021-09-22,2021-09-22T05:57:29Z,2021-09-22T18:16:04Z
2021-09-23,2021-09-23T05:59:02Z,2021-09-23T18:14:06Z
2021-09-24,2021-09-24T06:00:35Z,2021-09-24T18:12:07Z
2021-09-25,2021-09-25T06:02:08Z,2021-09-25T18:10:09Z
2021-09-26,2021-09-26T06:03:41Z,2021-09-26T18:08:10Z
2021-09-27,2021-09-27T06:05:15Z,2021-09-27T18:06:12Z
2021-09-28,2021-09-28T06:06:48Z,2021-09-28T18:04:13Z
2021-09-29,2021-09-29T06:08:21Z,2021-09-29T18:02:14Z
2021-09-30,2021-09-30T06:09:54Z,2021-09-30T18:00:15Z
2021-10-01,2021-10-01T06:11:27Z,2021-10-01T17:58:16Z
2021-10-02,2021-10-02T06:13:01Z,2021-10-02T17:56:17Z
2021-10-03,2021-10-03T06:14:34Z,2021-10-03T17:54:18Z
2021-10-04,2021-10-04T06:16:06Z,2021-10-04T17:52:19Z
2021-10-05,2021-10-05T06:17:39Z,2021-10-05T17:50:20Z
2021-10-06,2021-10-06T06:19:12Z,2021-10-06T17:48:22Z
2021-10-07,2021-10-07T06:20:44Z,2021-10-07T17:46:23Z
2021-10-08,2021-10-08T06:22:17Z,2021-10-08T17:44:25Z
2021-10-09,2021-10-09T06:23:49Z,2021-10-09T17:42:27Z
2021-10-10,2021-10-10T06:25:21Z,2021-10-10T17:40:29Z
2021-10-11,2021-10-11T06:26:53Z,2021-10-11T17:38:32Z
2021-10-12,2021-10-12T06:28:24Z,2021-10-12T17:36:35Z
2021-10-13,2021-10-13T06:29:56Z,2021-10-13T17:34:39Z
2021-10-14,2021-10-14T06:31:27Z,2021-10-14T17:32:43Z
2021-10-15,2021-10-15T06:32:58Z,2021-10-15T17:30:47Z
2021-10-16,2021-10-16T06:34:28Z,2021-10-16T17:28:52Z
2021-10-17,2021-10-17T06:35:58Z,2021-10-17T17:26:57Z
2021-10-18,2021-10-18T06:37:28Z,2021-10-18T17:25:03Z
2021-10-19,2021-10-19T06:38:58Z,2021-10-19T17:23:10Z
2021-10-20,2021-10-20T06:40:28Z,2021-10-20T17:21:18Z
2021-10-21,2021-10-21T06:41:57Z,2021-10-21T17:19:26Z
2021-10-22,2021-10-22T06:43:25Z,2021-10-22T17:17:34Z
2021-10-23,2021-10-23T06:44:54Z,2021-10-23T17:15:44Z
2021-10-24,2021-10-24T06:46:22Z,2021-10-24T17:13:55Z
2021-10-25,2021-10-25T06:47:50Z,2021-10-25T17:12:06Z
2021-10-26,2021-10-26T06:49:17Z,2021-10-26T17:10:18Z
2021-10-27,2021-10-27T06:50:44Z,2021-10-27T17:08:32Z
2021-10-28,2021-10-28T06:52:10Z,2021-10-28T17:06:46Z
2021-10-29,2021-10-29T06:53:37Z,2021-10-29T17:05:01Z
2021-10-30,2021-10-30T06:55:02Z,2021-10-30T17:03:18Z
2021-10-31,2021-10-31T06:56:28Z,2021-10-31T17:01:35Z
2021-11-01,2021-11-01T06:57:53Z,2021-11-01T16:59:54Z
2021-11-02,2021-11-02T06:59:17Z,2021-11-02T16:58:14Z
2021-11-03,2021-11-03T07:00:41Z,2021-11-03T16:56:35Z
2021-11-04,2021-11-04T07:02:05Z,2021-11-04T16:54:57Z
2021-11-05,2021-11-05T07:03:28Z,2021-11-05T16:53:21Z
2021-11-06,2021-11-06T07:04:50Z,2021-11-06T16:51:46Z
2021-11-07,2021-11-07T07:06:12Z,2021-11-07T16:50:13Z
2021-11-08,2021-11-08T07:07:34Z,2021-11-08T16:48:41Z
2021-11-09,2021-11-09T07:08:55Z,2021-11-09T16:47:11Z
2021-11-10,2021-11-10T07:10:16Z,2021-11-10T16:45:42Z
2021-11-11,2021-11-11T07:11:36Z,2021-11-11T16:44:15Z
2021-11-12,2021-11-12T07:12:56Z,2021-11-12T16:42:50Z
2021-11-13,2021-11-13T07:14:16Z,2021-11-13T16:41:26Z
2021-11-14,2021-11-14T07:15:34Z,2021-11-14T16:40:04Z
2021-11-15,2021-11-15T07:16:53Z,2021-11-15T16:38:44Z
2021-11-16,2021-11-16T07:18:11Z,2021-11-16T16:37:26Z
2021-11-17,2021-11-17T07:19:28Z,2021-11-17T16:36:09Z
2021-11-18,2021-11-18T07:20:45Z,2021-11-18T16:34:55Z
2021-11-19,2021-11-19T07:22:01Z,2021-11-19T16:33:43Z
2021-11-20,2021-11-20T07:23:17Z,2021-11-20T16:32:32Z
2021-11-21,2021-11-21T07:24:32Z,2021-11-21T16:31:24Z
2021-11-22,2021-11-22T07:25:47Z,2021-11-22T16:30:18Z
2021-11-23,2021-11-23T07:27:01Z,2021-11-23T16:29:15Z
2021-11-24,2021-11-24T07:28:15Z,2021-11-24T16:28:13Z
2021-11-25,2021-11-25T07:29:29Z,2021-11-25T16:27:14Z
2021-11-26,2021-11-26T07:30:41Z,2021-11-26T16:26:17Z
2021-11-27,2021-11-27T07:31:54Z,2021-11-27T16:25:23Z
2021-11-28,2021-11-28T07:33:06Z,2021-11-28T16:24:31Z
2021-11-29,2021-11-29T07:34:17Z,2021-11-29T16:23:41Z
2021-11-30,2021-11-30T07:35:28Z,2021-11-30T16:22:54Z
2021-12-01,2021-12-01T07:36:38Z,2021-12-01T16:22:10Z
2021-12-02,2021-12-02T07:37:48Z,2021-12-02T16:21:29Z
2021-12-03,2021-12-03T07:38:58Z,2021-12-03T16:20:50Z
2021-12-04,2021-12-04T07:40:07Z,2021-12-04T16:20:14Z
2021-12-05,2021-12-05T07:41:16Z,2021-12-05T16:19:41Z
2021-12-06,2021-12-06T07:42:24Z,2021-12-06T16:19:10Z
2021-12-07,2021-12-07T07:43:32Z,2021-12-07T16:18:43Z
2021-12-08,2021-12-08T07:44:39Z,2021-12-08T16:18:19Z
2021-12-09,2021-12-09T07:45:46Z,2021-12-09T16:17:58Z
2021-12-10,2021-12-10T07:46:53Z,2021-12-10T16:17:40Z
2021-12-11,2021-12-11T07:47:59Z,2021-12-11T16:17:25Z
2021-12-12,2021-12-12T07:49:05Z,2021-12-12T16:17:13Z
2021-12-13,2021-12-13T07:50:10Z,2021-12-13T16:17:05Z
2021-12-14,2021-12-14T07:51:15Z,2021-12-14T16:17:00Z
2021-12-15,2021-12-15T07:52:20Z,2021-12-15T16:16:58Z
2021-12-16,2021-12-16T07:53:24Z,2021-12-16T16:17:00Z
2021-12-17,2021-12-17T07:54:29Z,2021-12-17T16:17:05Z
2021-12-18,2021-12-18T07:55:32Z,2021-12-18T16:17:14Z
2021-12-19,2021-12-19T07:56:36Z,2021-12-19T16:17:27Z
2021-12-20,2021-12-20T07:57:39Z,2021-12-20T16:17:43Z
2021-12-21,2021-12-21T07:58:42Z,2021-12-21T16:18:03Z
2021-12-22,2021-12-22T07:59:45Z,2021-12-22T16:18:27Z
2021-12-23,2021-12-23T08:00:47Z,2021-12-23T16:18:55Z
2021-12-24,2021-12-24T08:01:50Z,2021-12-24T16:19:27Z
2021-12-25,2021-12-25T08:02:52Z,2021-12-25T16:20:03Z
2021-12-26,2021-12-26T08:03:54Z,2021-12-26T16:20:43Z
2021-12-27,2021-12-27T08:04:56Z,2021-12-27T16:21:27Z
2021-12-28,2021-12-28T08:05:58Z,2021-12-28T16:22:15Z
2021-12-29,2021-12-29T08:06:59Z,2021-12-29T16:23:07Z
2021-12-30,2021-12-30T08:08:01Z,2021-12-30T16:24:04Z
2021-12-31,2021-12-31T08:09:03Z,2021-12-31T16:25:05Z
2022-01-01,2022-01-01T07:57:11Z,2022-01-01T16:39:14Z
2022-01-02,2022-01-02T07:57:53Z,2022-01-02T16:39:28Z
2022-01-03,2022-01-03T07:58:30Z,2022-01-03T16:39:45Z
2022-01-04,2022-01-04T07:59:01Z,2022-01-04T16:40:05Z
2022-01-05,2022-01-05T07:59:27Z,2022-01-05T16:40:28Z
2022-01-06,2022-01-06T07:59:47Z,2022-01-06T16:40:54Z
2022-01-07,2022-01-07T08:00:02Z,2022-01-07T16:41:23Z
2022-01-08,2022-01-08T08:00:12Z,2022-01-08T16:41:54Z
2022-01-09,2022-01-09T08:00:17Z,2022-01-09T16:42:28Z
2022-01-10,2022-01-10T08:00:17Z,2022-01-10T16:43:05Z
2022-01-11,2022-01-11T08:00:12Z,2022-01-11T16:43:45Z
2022-01-12,2022-01-12T08:00:02Z,2022-01-12T16:44:27Z
2022-01-13,2022-01-13T07:59:47Z,2022-01-13T16:45:12Z
2022-01-14,2022-01-14T07:59:29Z,2022-01-14T16:45:59Z
2022-01-15,2022-01-15T07:59:05Z,2022-01-15T16:46:49Z
2022-01-16,2022-01-16T07:58:38Z,2022-01-16T16:47:41Z
2022-01-17,2022-01-17T07:58:06Z,2022-01-17T16:48:35Z
2022-01-18,2022-01-18T07:57:30Z,2022-01-18T16:49:31Z
2022-01-19,2022-01-19T07:56:51Z,2022-01-19T16:50:30Z
2022-01-20,2022-01-20T07:56:07Z,2022-01-20T16:51:31Z
2022-01-21,2022-01-21T07:55:19Z,2022-01-21T16:52:34Z
2022-01-22,2022-01-22T07:54:28Z,2022-01-22T16:53:39Z
2022-01-23,2022-01-23T07:53:34Z,2022-01-23T16:54:46Z
2022-01-24,2022-01-24T07:52:36Z,2022-01-24T16:55:55Z
2022-01-25,2022-01-25T07:51:34Z,2022-01-25T16:57:06Z
2022-01-26,2022-01-26T07:50:29Z,2022-01-26T16:58:19Z
2022-01-27,2022-01-27T07:49:21Z,2022-01-27T16:59:34Z
2022-01-28,2022-01-28T07:48:10Z,2022-01-28T17:00:50Z
2022-01-29,2022-01-29T07:46:56Z,2022-01-29T17:02:08Z
2022-01-30,2022-01-30T07:45:39Z,2022-01-30T17:03:28Z
2022-01-31,2022-01-31T07:44:20Z,2022-01-31T17:04:49Z
2022-02-01,2022-02-01T07:42:57Z,2022-02-01T17:06:12Z
2022-02-02,2022-02-02T07:41:32Z,2022-02-02T17:07:37Z
2022-02-03,2022-02-03T07:40:04Z,2022-02-03T17:09:03Z
2022-02-04,2022-02-04T07:38:34Z,2022-02-04T17:10:30Z
2022-02-05,2022-02-05T07:37:01Z,2022-02-05T17:11:59Z
2022-02-06,2022-02-06T07:35:26Z,2022-02-06T17:13:29Z
2022-02-07,2022-02-07T07:33:49Z,2022-02-07T17:15:01Z
2022-02-08,2022-02-08T07:32:10Z,2022-02-08T17:16:33Z
2022-02-09,2022-02-09T07:30:29Z,2022-02-09T17:18:07Z
2022-02-10,2022-02-10T07:28:46Z,2022-02-10T17:19:42Z
2022-02-11,2022-02-11T07:27:01Z,2022-02-11T17:21:19Z
2022-02-12,2022-02-12T07:25:14Z,2022-02-12T17:22:56Z
2022-02-13,2022-02-13T07:23:25Z,2022-02-13T17:24:34Z
2022-02-14,2022-02-14T07:21:35Z,2022-02-14T17:26:14Z
2022-02-15,2022-02-15T07:19:43Z,2022-02-15T17:27:54Z
2022-02-16,2022-02-16T07:17:49Z,2022-02-16T17:29:35Z
2022-02-17,2022-02-17T07:15:54Z,2022-02-17T17:31:17Z
2022-02-18,2022-02-18T07:13:58Z,2022-02-18T17:33:00Z
2022-02-19,2022-02-19T07:12:00Z,2022-02-19T17:34:44Z
2022-02-20,2022-02-20T07:10:01Z,2022-02-20T17:36:29Z
2022-02-21,2022-02-21T07:08:02Z,2022-02-21T17:38:14Z
2022-02-22,2022-02-22T07:06:00Z,2022-02-22T17:40:00Z
2022-02-23,2022-02-23T07:03:58Z,2022-02-23T17:41:46Z
2022-02-24,2022-02-24T07:01:55Z,2022-02-24T17:43:33Z
2022-02-25,2022-02-25T06:59:51Z,2022-02-25T17:45:21Z
2022-02-26,2022-02-26T06:57:47Z,2022-02-26T17:47:09Z
2022-02-27,2022-02-27T06:55:41Z,2022-02-27T17:48:58Z
2022-02-28,2022-02-28T06:53:35Z,2022-02-28T17:50:47Z
2022-03-01,2022-03-01T06:51:28Z,2022-03-01T17:52:36Z
2022-03-02,2022-03-02T06:49:20Z,2022-03-02T17:54:26Z
2022-03-03,2022-03-03T06:47:12Z,2022-03-03T17:56:17Z
2022-03-04,2022-03-04T06:45:04Z,2022-03-04T17:58:07Z
2022-03-05,2022-03-05T06:42:55Z,2022-03-05T17:59:58Z
2022-03-06,2022-03-06T06:40:46Z,2022-03-06T18:01:49Z
2022-03-07,2022-03-07T06:38:36Z,2022-03-07T18:03:40Z
2022-03-08,2022-03-08T06:36:26Z,2022-03-08T18:05:31Z
2022-03-09,2022-03-09T06:34:16Z,2022-03-09T18:07:23Z
2022-03-10,2022-03-10T06:32:06Z,2022-03-10T18:09:14Z
2022-03-11,2022-03-11T06:29:56Z,2022-03-11T18:11:06Z
2022-03-12,2022-03-12T06:27:46Z,2022-03-12T18:12:57Z
2022-03-13,2022-03-13T06:25:36Z,2022-03-13T18:14:49Z
2022-03-14,2022-03-14T06:23:26Z,2022-03-14T18:16:40Z
2022-03-15,2022-03-15T06:21:16Z,2022-03-15T18:18:32Z
2022-03-16,2022-03-16T06:19:06Z,2022-03-16T18:20:23Z
2022-03-17,2022-03-17T06:16:56Z,2022-03-17T18:22:14Z
2022-03-18,2022-03-18T06:14:47Z,2022-03-18T18:24:05Z
2022-03-19,2022-03-19T06:12:38Z,2022-03-19T18:25:56Z
2022-03-20,2022-03-20T06:10:30Z,2022-03-20T18:27:46Z
2022-03-21,2022-03-21T06:08:21Z,2022-03-21T18:29:37Z
2022-03-22,2022-03-22T06:06:14Z,2022-03-22T18:31:27Z
2022-03-23,2022-03-23T06:04:06Z,2022-03-23T18:33:16Z
2022-03-24,2022-03-24T06:01:59Z,2022-03-24T18:35:05Z
2022-03-25,2022-03-25T05:59:53Z,2022-03-25T18:36:54Z
2022-03-26,2022-03-26T05:57:48Z,2022-03-26T18:38:42Z
2022-03-27,2022-03-27T05:55:43Z,2022-03-27T18:40:30Z
2022-03-28,2022-03-28T05:53:38Z,2022-03-28T18:42:18Z
2022-03-29,2022-03-29T05:51:35Z,2022-03-29T18:44:05Z
2022-03-30,2022-03-30T05:49:32Z,2022-03-30T18:45:51Z
2022-03-31,2022-03-31T05:47:30Z,2022-03-31T18:47:37Z
2022-04-01,2022-04-01T05:45:29Z,2022-04-01T18:49:22Z
2022-04-02,2022-04-02T05:43:29Z,2022-04-02T18:51:07Z
2022-04-03,2022-04-03T05:41:29Z,2022-04-03T18:52:51Z
2022-04-04,2022-04-04T05:39:31Z,2022-04-04T18:54:34Z
2022-04-05,2022-04-05T05:37:34Z,2022-04-05T18:56:17Z
2022-04-06,2022-04-06T05:35:37Z,2022-04-06T18:57:59Z
2022-04-07,2022-04-07T05:33:42Z,2022-04-07T18:59:40Z
2022-04-08,2022-04-08T05:31:47Z,2022-04-08T19:01:20Z
2022-04-09,2022-04-09T05:29:54Z,2022-04-09T19:03:00Z
2022-04-10,2022-04-10T05:28:02Z,2022-04-10T19:04:38Z
2022-04-11,2022-04-11T05:26:11Z,2022-04-11T19:06:16Z
2022-04-12,2022-04-12T05:24:21Z,2022-04-12T19:07:53Z
2022-04-13,2022-04-13T05:22:32Z,2022-04-13T19:09:29Z
2022-04-14,2022-04-14T05:20:45Z,2022-04-14T19:11:04Z
2022-04-15,2022-04-15T05:18:59Z,2022-04-15T19:12:39Z
2022-04-16,2022-04-16T05:17:14Z,2022-04-16T19:14:12Z
2022-04-17,2022-04-17T05:15:31Z,2022-04-17T19:15:44Z
2022-04-18,2022-04-18T05:13:48Z,2022-04-18T19:17:16Z
2022-04-19,2022-04-19T05:12:07Z,2022-04-19T19:18:46Z
2022-04-20,2022-04-20T05:10:28Z,2022-04-20T19:20:15Z
2022-04-21,2022-04-21T05:08:50Z,2022-04-21T19:21:43Z
2022-04-22,2022-04-22T05:07:13Z,2022-04-22T19:23:10Z
2022-04-23,2022-04-23T05:05:38Z,2022-04-23T19:24:36Z
2022-04-24,2022-04-24T05:04:04Z,2022-04-24T19:26:01Z
2022-04-25,2022-04-25T05:02:32Z,2022-04-25T19:27:25Z
2022-04-26,2022-04-26T05:01:01Z,2022-04-26T19:28:47Z
2022-04-27,2022-04-27T04:59:32Z,2022-04-27T19:30:09Z
2022-04-28,2022-04-28T04:58:04Z,2022-04-28T19:31:29Z
2022-04-29,2022-04-29T04:56:38Z,2022-04-29T19:32:48Z
2022-04-30,2022-04-30T04:55:13Z,2022-04-30T19:34:05Z
2022-05-01,2022-05-01T04:53:50Z,2022-05-01T19:35:22Z
2022-05-02,2022-05-02T04:52:29Z,2022-05-02T19:36:37Z
2022-05-03,2022-05-03T04:51:09Z,2022-05-03T19:37:51Z
2022-05-04,2022-05-04T04:49:50Z,2022-05-04T19:39:03Z
2022-05-05,2022-05-05T04:48:34Z,2022-05-05T19:40:14Z
2022-05-06,2022-05-06T04:47:19Z,2022-05-06T19:41:24Z
2022-05-07,2022-05-07T04:46:05Z,2022-05-07T19:42:33Z
2022-05-08,2022-05-08T04:44:54Z,2022-05-08T19:43:40Z
2022-05-09,2022-05-09T04:43:44Z,2022-05-09T19:44:46Z
2022-05-10,2022-05-10T04:42:35Z,2022-05-10T19:45:50Z
2022-05-11,2022-05-11T04:41:29Z,2022-05-11T19:46:53Z
2022-05-12,2022-05-12T04:40:24Z,2022-05-12T19:47:54Z
2022-05-13,2022-05-13T04:39:21Z,2022-05-13T19:48:54Z
2022-05-14,2022-05-14T04:38:19Z,2022-05-14T19:49:53Z
2022-05-15,2022-05-15T04:37:19Z,2022-05-15T19:50:50Z
2022-05-16,2022-05-16T04:36:21Z,2022-05-16T19:51:46Z
2022-05-17,2022-05-17T04:35:25Z,2022-05-17T19:52:40Z
2022-05-18,2022-05-18T04:34:30Z,2022-05-18T19:53:33Z
2022-05-19,2022-05-19T04:33:38Z,2022-05-19T19:54:24Z
2022-05-20,2022-05-20T04:32:47Z,2022-05-20T19:55:14Z
2022-05-21,2022-05-21T04:31:57Z,2022-05-21T19:56:02Z
2022-05-22,2022-05-22T04:31:10Z,2022-05-22T19:56:48Z
2022-05-23,2022-05-23T04:30:24Z,2022-05-23T19:57:33Z
2022-05-24,2022-05-24T04:29:40Z,2022-05-24T19:58:17Z
2022-05-25,2022-05-25T04:28:58Z,2022-05-25T19:58:59Z
2022-05-26,2022-05-26T04:28:17Z,2022-05-26T19:59:39Z
2022-05-27,2022-05-27T04:27:39Z,2022-05-27T20:00:18Z
2022-05-28,2022-05-28T04:27:02Z,2022-05-28T20:00:55Z
2022-05-29,2022-05-29T04:26:27Z,2022-05-29T20:01:30Z
2022-05-30,2022-05-30T04:25:54Z,2022-05-30T20:02:04Z
2022-05-31,2022-05-31T04:25:22Z,2022-05-31T20:02:36Z
2022-06-01,2022-06-01T04:24:52Z,2022-06-01T20:03:07Z
2022-06-02,2022-06-02T04:24:24Z,2022-06-02T20:03:36Z
2022-06-03,2022-06-03T04:23:58Z,2022-06-03T20:04:03Z
2022-06-04,2022-06-04T04:23:34Z,2022-06-04T20:04:29Z
2022-06-05,2022-06-05T04:23:11Z,2022-06-05T20:04:53Z
2022-06-06,2022-06-06T04:22:50Z,2022-06-06T20:05:16Z
2022-06-07,2022-06-07T04:22:31Z,2022-06-07T20:05:36Z
2022-06-08,2022-06-08T04:22:14Z,2022-06-08T20:05:55Z
2022-06-09,2022-06-09T04:21:58Z,2022-06-09T20:06:13Z
2022-06-10,2022-06-10T04:21:44Z,2022-06-10T20:06:28Z
2022-06-11,2022-06-11T04:21:32Z,2022-06-11T20:06:43Z
2022-06-12,2022-06-12T04:21:21Z,2022-06-12T20:06:55Z
2022-06-13,2022-06-13T04:21:13Z,2022-06-13T20:07:05Z
2022-06-14,2022-06-14T04:21:06Z,2022-06-14T20:07:14Z
2022-06-15,2022-06-15T04:21:01Z,2022-06-15T20:07:22Z
2022-06-16,2022-06-16T04:20:57Z,2022-06-16T20:07:27Z
2022-06-17,2022-06-17T04:20:55Z,2022-06-17T20:07:31Z
2022-06-18,2022-06-18T04:20:55Z,2022-06-18T20:07:33Z
2022-06-19,2022-06-19T04:20:57Z,2022-06-19T20:07:34Z
2022-06-20,2022-06-20T04:21:00Z,2022-06-20T20:07:32Z
2022-06-21,2022-06-21T04:21:05Z,2022-06-21T20:07:30Z
2022-06-22,2022-06-22T04:21:12Z,2022-06-22T20:07:25Z
2022-06-23,2022-06-23T04:21:20Z,2022-06-23T20:07:19Z
2022-06-24,2022-06-24T04:21:30Z,2022-06-24T20:07:10Z
2022-06-25,2022-06-25T04:21:41Z,2022-06-25T20:07:01Z
2022-06-26,2022-06-26T04:21:55Z,2022-06-26T20:06:49Z
2022-06-27,2022-06-27T04:22:09Z,2022-06-27T20:06:36Z
2022-06-28,2022-06-28T04:22:26Z,2022-06-28T20:06:21Z
2022-06-29,2022-06-29T04:22:44Z,2022-06-29T20:06:05Z
2022-06-30,2022-06-30T04:23:03Z,2022-06-30T20:05:46Z
2022-07-01,2022-07-01T04:23:25Z,2022-07-01T20:05:27Z
2022-07-02,2022-07-02T04:23:47Z,2022-07-02T20:05:05Z
2022-07-03,2022-07-03T04:24:11Z,2022-07-03T20:04:42Z
2022-07-04,2022-07-04T04:24:37Z,2022-07-04T20:04:17Z
2022-07-05,2022-07-05T04:25:05Z,2022-07-05T20:03:50Z
2022-07-06,2022-07-06T04:25:33Z,2022-07-06T20:03:22Z
2022-07-07,2022-07-07T04:26:04Z,2022-07-07T20:02:52Z
2022-07-08,2022-07-08T04:26:35Z,2022-07-08T20:02:20Z
2022-07-09,2022-07-09T04:27:09Z,2022-07-09T20:01:47Z
2022-07-10,2022-07-10T04:27:43Z,2022-07-10T20:01:12Z
2022-07-11,2022-07-11T04:28:19Z,2022-07-11T20:00:35Z
2022-07-12,2022-07-12T04:28:57Z,2022-07-12T19:59:57Z
2022-07-13,2022-07-13T04:29:36Z,2022-07-13T19:59:17Z
2022-07-14,2022-07-14T04:30:16Z,2022-07-14T19:58:36Z
2022-07-15,2022-07-15T04:30:58Z,2022-07-15T19:57:53Z
2022-07-16,2022-07-16T04:31:41Z,2022-07-16T19:57:08Z
2022-07-17,2022-07-17T04:32:26Z,2022-07-17T19:56:22Z
2022-07-18,2022-07-18T04:33:11Z,2022-07-18T19:55:34Z
2022-07-19,2022-07-19T04:33:58Z,2022-07-19T19:54:44Z
2022-07-20,2022-07-20T04:34:47Z,2022-07-20T19:53:53Z
2022-07-21,2022-07-21T04:35:36Z,2022-07-21T19:53:01Z
2022-07-22,2022-07-22T04:36:27Z,2022-07-22T19:52:06Z
2022-07-23,2022-07-23T04:37:20Z,2022-07-23T19:51:11Z
2022-07-24,2022-07-24T04:38:13Z,2022-07-24T19:50:13Z
2022-07-25,2022-07-25T04:39:08Z,2022-07-25T19:49:15Z
2022-07-26,2022-07-26T04:40:03Z,2022-07-26T19:48:14Z
2022-07-27,2022-07-27T04:41:00Z,2022-07-27T19:47:13Z
2022-07-28,2022-07-28T04:41:59Z,2022-07-28T19:46:09Z
2022-07-29,2022-07-29T04:42:58Z,2022-07-29T19:45:05Z
2022-07-30,2022-07-30T04:43:58Z,2022-07-30T19:43:58Z
2022-07-31,2022-07-31T04:45:00Z,2022-07-31T19:42:51Z
2022-08-01,2022-08-01T04:46:03Z,2022-08-01T19:41:42Z
2022-08-02,2022-08-02T04:47:06Z,2022-08-02T19:40:31Z
2022-08-03,2022-08-03T04:48:11Z,2022-08-03T19:39:19Z
2022-08-04,2022-08-04T04:49:17Z,2022-08-04T19:38:06Z
2022-08-05,2022-08-05T04:50:24Z,2022-08-05T19:36:51Z
2022-08-06,2022-08-06T04:51:31Z,2022-08-06T19:35:35Z
2022-08-07,2022-08-07T04:52:40Z,2022-08-07T19:34:18Z
2022-08-08,2022-08-08T04:53:50Z,2022-08-08T19:32:59Z
2022-08-09,2022-08-09T04:55:01Z,2022-08-09T19:31:39Z
2022-08-10,2022-08-10T04:56:12Z,2022-08-10T19:30:17Z
2022-08-11,2022-08-11T04:57:25Z,2022-08-11T19:28:55Z
2022-08-12,2022-08-12T04:58:38Z,2022-08-12T19:27:31Z
2022-08-13,2022-08-13T04:59:52Z,2022-08-13T19:26:06Z
2022-08-14,2022-08-14T05:01:07Z,2022-08-14T19:24:39Z
2022-08-15,2022-08-15T05:02:23Z,2022-08-15T19:23:11Z
2022-08-16,2022-08-16T05:03:40Z,2022-08-16T19:21:43Z
2022-08-17,2022-08-17T05:04:58Z,2022-08-17T19:20:12Z
2022-08-18,2022-08-18T05:06:16Z,2022-08-18T19:18:41Z
2022-08-19,2022-08-19T05:07:35Z,2022-08-19T19:17:09Z
2022-08-20,2022-08-20T05:08:55Z,2022-08-20T19:15:35Z
2022-08-21,2022-08-21T05:10:15Z,2022-08-21T19:14:01Z
2022-08-22,2022-08-22T05:11:36Z,2022-08-22T19:12:25Z
2022-08-23,2022-08-23T05:12:58Z,2022-08-23T19:10:48Z
2022-08-24,2022-08-24T05:14:21Z,2022-08-24T19:09:11Z
2022-08-25,2022-08-25T05:15:44Z,2022-08-25T19:07:32Z
2022-08-26,2022-08-26T05:17:08Z,2022-08-26T19:05:52Z
2022-08-27,2022-08-27T05:18:32Z,2022-08-27T19:04:11Z
2022-08-28,2022-08-28T05:19:57Z,2022-08-28T19:02:29Z
2022-08-29,2022-08-29T05:21:22Z,2022-08-29T19:00:47Z
2022-08-30,2022-08-30T05:22:48Z,2022-08-30T18:59:03Z
2022-08-31,2022-08-31T05:24:15Z,2022-08-31T18:57:18Z
2022-09-01,2022-09-01T05:25:42Z,2022-09-01T18:55:33Z
2022-09-02,2022-09-02T05:27:09Z,2022-09-02T18:53:47Z
2022-09-03,2022-09-03T05:28:37Z,2022-09-03T18:52:00Z
2022-09-04,2022-09-04T05:30:06Z,2022-09-04T18:50:12Z
2022-09-05,2022-09-05T05:31:34Z,2022-09-05T18:48:23Z
2022-09-06,2022-09-06T05:33:04Z,2022-09-06T18:46:34Z
2022-09-07,2022-09-07T05:34:33Z,2022-09-07T18:44:44Z
2022-09-08,2022-09-08T05:36:03Z,2022-09-08T18:42:53Z
2022-09-09,2022-09-09T05:37:33Z,2022-09-09T18:41:01Z
2022-09-10,2022-09-10T05:39:04Z,2022-09-10T18:39:09Z
2022-09-11,2022-09-11T05:40:35Z,2022-09-11T18:37:17Z
2022-09-12,2022-09-12T05:42:06Z,2022-09-12T18:35:23Z
2022-09-13,2022-09-13T05:43:37Z,2022-09-13T18:33:29Z
2022-09-14,2022-09-14T05:45:09Z,2022-09-14T18:31:35Z
2022-09-15,2022-09-15T05:46:41Z,2022-09-15T18:29:40Z
2022-09-16,2022-09-16T05:48:13Z,2022-09-16T18:27:45Z
2022-09-17,2022-09-17T05:49:45Z,2022-09-17T18:25:49Z
2022-09-18,2022-09-18T05:51:18Z,2022-09-18T18:23:52Z
2022-09-19,2022-09-19T05:52:50Z,2022-09-19T18:21:56Z
2022-09-20,2022-09-20T05:54:23Z,2022-09-20T18:19:59Z
2022-09-21,2022-09-21T05:55:56Z,2022-09-21T18:18:01Z
2022-09-22,2022-09-22T05:57:29Z,2022-09-22T18:16:04Z
2022-09-23,2022-09-23T05:59:02Z,2022-09-23T18:14:06Z
2022-09-24,2022-09-24T06:00:35Z,2022-09-24T18:12:07Z
2022-09-25,2022-09-25T06:02:08Z,2022-09-25T18:10:09Z
2022-09-26,2022-09-26T06:03:41Z,2022-09-26T18:08:10Z
2022-09-27,2022-09-27T06:05:15Z,2022-09-27T18:06:12Z
2022-09-28,2022-09-28T06:06:48Z,2022-09-28T18:04:13Z
2022-09-29,2022-09-29T06:08:21Z,2022-09-29T18:02:14Z
2022-09-30,2022-09-30T06:09:54Z,2022-09-30T18:00:15Z
2022-10-01,2022-10-01T06:11:27Z,2022-10-01T17:58:16Z
2022-10-02,2022-10-02T06:13:01Z,2022-10-02T17:56:17Z
2022-10-03,2022-10-03T06:14:34Z,2022-10-03T17:54:18Z
2022-10-04,2022-10-04T06:16:06Z,2022-10-04T17:52:19Z
2022-10-05,2022-10-05T06:17:39Z,2022-10-05T17:50:20Z
2022-10-06,2022-10-06T06:19:12Z,2022-10-06T17:48:22Z
2022-10-07,2022-10-07T06:20:44Z,2022-10-07T17:46:23Z
2022-10-08,2022-10-08T06:22:17Z,2022-10-08T17:44:25Z
2022-10-09,2022-10-09T06:23:49Z,2022-10-09T17:42:27Z
2022-10-10,2022-10-10T06:25:21Z,2022-10-10T17:40:29Z
2022-10-11,2022-10-11T06:26:53Z,2022-10-11T17:38:32Z
2022-10-12,2022-10-12T06:28:24Z,2022-10-12T17:36:35Z
2022-10-13,2022-10-13T06:29:56Z,2022-10-13T17:34:39Z
2022-10-14,2022-10-14T06:31:27Z,2022-10-14T17:32:43Z
2022-10-15,2022-10-15T06:32:58Z,2022-10-15T17:30:47Z
2022-10-16,2022-10-16T06:34:28Z,2022-10-16T17:28:52Z
2022-10-17,2022-10-17T06:35:58Z,2022-10-17T17:26:57Z
2022-10-18,2022-10-18T06:37:28Z,2022-10-18T17:25:03Z
2022-10-19,2022-10-19T06:38:58Z,2022-10-19T17:23:10Z
2022-10-20,2022-10-20T06:40:28Z,2022-10-20T17:21:18Z
2022-10-21,2022-10-21T06:41:57Z,2022-10-21T17:19:26Z
2022-10-22,2022-10-22T06:43:25Z,2022-10-22T17:17:34Z
2022-10-23,2022-10-23T06:44:54Z,2022-10-23T17:15:44Z
2022-10-24,2022-10-24T06:46:22Z,2022-10-24T17:13:55Z
2022-10-25,2022-10-25T06:47:50Z,2022-10-25T17:12:06Z
2022-10-26,2022-10-26T06:49:17Z,2022-10-26T17:10:18Z
2022-10-27,2022-10-27T06:50:44Z,2022-10-27T17:08:32Z
2022-10-28,2022-10-28T06:52:10Z,2022-10-28T17:06:46Z
2022-10-29,2022-10-29T06:53:37Z,2022-10-29T17:05:01Z
2022-10-30,2022-10-30T06:55:02Z,2022-10-30T17:03:18Z
2022-10-31,2022-10-31T06:56:28Z,2022-10-31T17:01:35Z
2022-11-01,2022-11-01T06:57:53Z,2022-11-01T16:59:54Z
2022-11-02,2022-11-02T06:59:17Z,2022-11-02T16:58:14Z
2022-11-03,2022-11-03T07:00:41Z,2022-11-03T16:56:35Z
2022-11-04,2022-11-04T07:02:05Z,2022-11-04T16:54:57Z
2022-11-05,2022-11-05T07:03:28Z,2022-11-05T16:53:21Z
2022-11-06,2022-11-06T07:04:50Z,2022-11-06T16:51:46Z
2022-11-07,2022-11-07T07:06:12Z,2022-11-07T16:50:13Z
2022-11-08,2022-11-08T07:07:34Z,2022-11-08T16:48:41Z
2022-11-09,2022-11-09T07:08:55Z,2022-11-09T16:47:11Z
2022-11-10,2022-11-10T07:10:16Z,2022-11-10T16:45:42Z
2022-11-11,2022-11-11T07:11:36Z,2022-11-11T16:44:15Z
2022-11-12,2022-11-12T07:12:56Z,2022-11-12T16:42:50Z
2022-11-13,2022-11-13T07:14:16Z,2022-11-13T16:41:26Z
2022-11-14,2022-11-14T07:15:34Z,2022-11-14T16:40:04Z
2022-11-15,2022-11-15T07:16:53Z,2022-11-15T16:38:44Z
2022-11-16,2022-11-16T07:18:11Z,2022-11-16T16:37:26Z
2022-11-17,2022-11-17T07:19:28Z,2022-11-17T16:36:09Z
2022-11-18,2022-11-18T07:20:45Z,2022-11-18T16:34:55Z
2022-11-19,2022-11-19T07:22:01Z,2022-11-19T16:33:43Z
2022-11-20,2022-11-20T07:23:17Z,2022-11-20T16:32:32Z
2022-11-21,2022-11-21T07:24:32Z,2022-11-21T16:31:24Z
2022-11-22,2022-11-22T07:25:47Z,2022-11-22T16:30:18Z
2022-11-23,2022-11-23T07:27:01Z,2022-11-23T16:29:15Z
2022-11-24,2022-11-24T07:28:15Z,2022-11-24T16:28:13Z
2022-11-25,2022-11-25T07:29:29Z,2022-11-25T16:27:14Z
2022-11-26,2022-11-26T07:30:41Z,2022-11-26T16:26:17Z
2022-11-27,2022-11-27T07:31:54Z,2022-11-27T16:25:23Z
2022-11-28,2022-11-28T07:33:06Z,2022-11-28T16:24:31Z
2022-11-29,2022-11-29T07:34:17Z,2022-11-29T16:23:41Z
2022-11-30,2022-11-30T07:35:28Z,2022-11-30T16:22:54Z
2022-12-01,2022-12-01T07:36:38Z,2022-12-01T16:22:10Z
2022-12-02,2022-12-02T07:37:48Z,2022-12-02T16:21:29Z
2022-12-03,2022-12-03T07:38:58Z,2022-12-03T16:20:50Z
2022-12-04,2022-12-04T07:40:07Z,2022-12-04T16:20:14Z
2022-12-05,2022-12-05T07:41:16Z,2022-12-05T16:19:41Z
2022-12-06,2022-12-06T07:42:24Z,2022-12-06T16:19:10Z
2022-12-07,2022-12-07T07:43:32Z,2022-12-07T16:18:43Z
2022-12-08,2022-12-08T07:44:39Z,2022-12-08T16:18:19Z
2022-12-09,2022-12-09T07:45:46Z,2022-12-09T16:17:58Z
2022-12-10,2022-12-10T07:46:53Z,2022-12-10T16:17:40Z
2022-12-11,2022-12-11T07:47:59Z,2022-12-11T16:17:25Z
2022-12-12,2022-12-12T07:49:05Z,2022-12-12T16:17:13Z
2022-12-13,2022-12-13T07:50:10Z,2022-12-13T16:17:05Z
2022-12-14,2022-12-14T07:51:15Z,2022-12-14T16:17:00Z
2022-12-15,2022-12-15T07:52:20Z,2022-12-15T16:16:58Z
2022-12-16,2022-12-16T07:53:24Z,2022-12-16T16:17:00Z
2022-12-17,2022-12-17T07:54:29Z,2022-12-17T16:17:05Z
2022-12-18,2022-12-18T07:55:32Z,2022-12-18T16:17:14Z
2022-12-19,2022-12-19T07:56:36Z,2022-12-19T16:17:27Z
2022-12-20,2022-12-20T07:57:39Z,2022-12-20T16:17:43Z
2022-12-21,2022-12-21T07:58:42Z,2022-12-21T16:18:03Z
2022-12-22,2022-12-22T07:59:45Z,2022-12-22T16:18:27Z
2022-12-23,2022-12-23T08:00:47Z,2022-12-23T16:18:55Z
2022-12-24,2022-12-24T08:01:50Z,2022-12-24T16:19:27Z
2022-12-25,2022-12-25T08:02:52Z,2022-12-25T16:20:03Z
2022-12-26,2022-12-26T08:03:54Z,2022-12-26T16:20:43Z
2022-12-27,2022-12-27T08:04:56Z,2022-12-27T16:21:27Z
2022-12-28,2022-12-28T08:05:58Z,2022-12-28T16:22:15Z
2022-12-29,2022-12-29T08:06:59Z,2022-12-29T16:23:07Z
2022-12-30,2022-12-30T08:08:01Z,2022-12-30T16:24:04Z
2022-12-31,2022-12-31T08:09:03Z,2022-12-31T16:25:05Z
2023-01-01,2023-01-01T07:57:11Z,2023-01-01T16:39:14Z
2023-01-02,2023-01-02T07:57:53Z,2023-01-02T16:39:28Z
2023-01-03,2023-01-03T07:58:30Z,2023-01-03T16:39:45Z
2023-01-04,2023-01-04T07:59:01Z,2023-01-04T16:40:05Z
2023-01-05,2023-01-05T07:59:27Z,2023-01-05T16:40:28Z
2023-01-06,2023-01-06T07:59:47Z,2023-01-06T16:40:54Z
2023-01-07,2023-01-07T08:00:02Z,2023-01-07T16:41:23Z
2023-01-08,2023-01-08T08:00:12Z,2023-01-08T16:41:54Z
2023-01-09,2023-01-09T08:00:17Z,2023-01-09T16:42:28Z
2023-01-10,2023-01-10T08:00:17Z,2023-01-10T16:43:05Z
2023-01-11,2023-01-11T08:00:12Z,2023-01-11T16:43:45Z
2023-01-12,2023-01-12T08:00:02Z,2023-01-12T16:44:27Z
2023-01-13,2023-01-13T07:59:47Z,2023-01-13T16:45:12Z
2023-01-14,2023-01-14T07:59:29Z,2023-01-14T16:45:59Z
2023-01-15,2023-01-15T07:59:05Z,2023-01-15T16:46:49Z
2023-01-16,2023-01-16T07:58:38Z,2023-01-16T16:47:41Z
2023-01-17,2023-01-17T07:58:06Z,2023-01-17T16:48:35Z
2023-01-18,2023-01-18T07:57:30Z,2023-01-18T16:49:31Z
2023-01-19,2023-01-19T07:56:51Z,2023-01-19T16:50:30Z
2023-01-20,2023-01-20T07:56:07Z,2023-01-20T16:51:31Z
2023-01-21,2023-01-21T07:55:19Z,2023-01-21T16:52:34Z
2023-01-22,2023-01-22T07:54:28Z,2023-01-22T16:53:39Z
2023-01-23,2023-01-23T07:53:34Z,2023-01-23T16:54:46Z
2023-01-24,2023-01-24T07:52:36Z,2023-01-24T16:55:55Z
2023-01-25,2023-01-25T07:51:34Z,2023-01-25T16:57:06Z
2023-01-26,2023-01-26T07:50:29Z,2023-01-26T16:58:19Z
2023-01-27,2023-01-27T07:49:21Z,2023-01-27T16:59:34Z
2023-01-28,2023-01-28T07:48:10Z,2023-01-28T17:00:50Z
2023-01-29,2023-01-29T07:46:56Z,2023-01-29T17:02:08Z
2023-01-30,2023-01-30T07:45:39Z,2023-01-30T17:03:28Z
2023-01-31,2023-01-31T07:44:20Z,2023-01-31T17:04:49Z
2023-02-01,2023-02-01T07:42:57Z,2023-02-01T17:06:12Z
2023-02-02,2023-02-02T07:41:32Z,2023-02-02T17:07:37Z
2023-02-03,2023-02-03T07:40:04Z,2023-02-03T17:09:03Z
2023-02-04,2023-02-04T07:38:34Z,2023-02-04T17:10:30Z
2023-02-05,2023-02-05T07:37:01Z,2023-02-05T17:11:59Z
2023-02-06,2023-02-06T07:35:26Z,2023-02-06T17:13:29Z
2023-02-07,2023-02-07T07:33:49Z,2023-02-07T17:15:01Z
2023-02-08,2023-02-08T07:32:10Z,2023-02-08T17:16:33Z
2023-02-09,2023-02-09T07:30:29Z,2023-02-09T17:18:07Z
2023-02-10,2023-02-10T07:28:46Z,2023-02-10T17:19:42Z
2023-02-11,2023-02-11T07:27:01Z,2023-02-11T17:21:19Z
2023-02-12,2023-02-12T07:25:14Z,2023-02-12T17:22:56Z
2023-02-13,2023-02-13T07:23:25Z,2023-02-13T17:24:34Z
2023-02-14,2023-02-14T07:21:35Z,2023-02-14T17:26:14Z
2023-02-15,2023-02-15T07:19:43Z,2023-02-15T17:27:54Z
2023-02-16,2023-02-16T07:17:49Z,2023-02-16T17:29:35Z
2023-02-17,2023-02-17T07:15:54Z,2023-02-17T17:31:17Z
2023-02-18,2023-02-18T07:13:58Z,2023-02-18T17:33:00Z
2023-02-19,2023-02-19T07:12:00Z,2023-02-19T17:34:44Z
2023-02-20,2023-02-20T07:10:01Z,2023-02-20T17:36:29Z
2023-02-21,2023-02-21T07:08:02Z,2023-02-21T17:38:14Z
2023-02-22,2023-02-22T07:06:00Z,2023-02-22T17:40:00Z
2023-02-23,2023-02-23T07:03:58Z,2023-02-23T17:41:46Z
2023-02-24,2023-02-24T07:01:55Z,2023-02-24T17:43:33Z
2023-02-25,2023-02-25T06:59:51Z,2023-02-25T17:45:21Z
2023-02-26,2023-02-26T06:57:47Z,2023-02-26T17:47:09Z
2023-02-27,2023-02-27T06:55:41Z,2023-02-27T17:48:58Z
2023-02-28,2023-02-28T06:53:35Z,2023-02-28T17:50:47Z
2023-03-01,2023-03-01T06:51:28Z,2023-03-01T17:52:36Z
2023-03-02,2023-03-02T06:49:20Z,2023-03-02T17:54:26Z
2023-03-03,2023-03-03T06:47:12Z,2023-03-03T17:56:17Z
2023-03-04,2023-03-04T06:45:04Z,2023-03-04T17:58:07Z
2023-03-05,2023-03-05T06:42:55Z,2023-03-05T17:59:58Z
2023-03-06,2023-03-06T06:40:46Z,2023-03-06T18:01:49Z
2023-03-07,2023-03-07T06:38:36Z,2023-03-07T18:03:40Z
2023-03-08,2023-03-08T06:36:26Z,2023-03-08T18:05:31Z
2023-03-09,2023-03-09T06:34:16Z,2023-03-09T18:07:23Z
2023-03-10,2023-03-10T06:32:06Z,2023-03-10T18:09:14Z
2023-03-11,2023-03-11T06:29:56Z,2023-03-11T18:11:06Z
2023-03-12,2023-03-12T06:27:46Z,2023-03-12T18:12:57Z
2023-03-13,2023-03-13T06:25:36Z,2023-03-13T18:14:49Z
2023-03-14,2023-03-14T06:23:26Z,2023-03-14T18:16:40Z
2023-03-15,2023-03-15T06:21:16Z,2023-03-15T18:18:32Z
2023-03-16,2023-03-16T06:19:06Z,2023-03-16T18:20:23Z
2023-03-17,2023-03-17T06:16:56Z,2023-03-17T18:22:14Z
2023-03-18,2023-03-18T06:14:47Z,2023-03-18T18:24:05Z
2023-03-19,2023-03-19T06:12:38Z,2023-03-19T18:25:56Z
2023-03-20,2023-03-20T06:10:30Z,2023-03-20T18:27:46Z
2023-03-21,2023-03-21T06:08:21Z,2023-03-21T18:29:37Z
2023-03-22,2023-03-22T06:06:14Z,2023-03-22T18:31:27Z
2023-03-23,2023-03-23T06:04:06Z,2023-03-23T18:33:16Z
2023-03-24,2023-03-24T06:01:59Z,2023-03-24T18:35:05Z
2023-03-25,2023-03-25T05:59:53Z,2023-03-25T18:36:54Z
2023-03-26,2023-03-26T05:57:48Z,2023-03-26T18:38:42Z
2023-03-27,2023-03-27T05:55:43Z,2023-03-27T18:40:30Z
2023-03-28,2023-03-28T05:53:38Z,2023-03-28T18:42:18Z
2023-03-29,2023-03-29T05:51:35Z,2023-03-29T18:44:05Z
2023-03-30,2023-03-30T05:49:32Z,2023-03-30T18:45:51Z
2023-03-31,2023-03-31T05:47:30Z,2023-03-31T18:47:37Z
2023-04-01,2023-04-01T05:45:29Z,2023-04-01T18:49:22Z
2023-04-02,2023-04-02T05:43:29Z,2023-04-02T18:51:07Z
2023-04-03,2023-04-03T05:41:29Z,2023-04-03T18:52:51Z
2023-04-04,2023-04-04T05:39:31Z,2023-04-04T18:54:34Z
2023-04-05,2023-04-05T05:37:34Z,2023-04-05T18:56:17Z
2023-04-06,2023-04-06T05:35:37Z,2023-04-06T18:57:59Z
2023-04-07,2023-04-07T05:33:42Z,2023-04-07T18:59:40Z
2023-04-08,2023-04-08T05:31:47Z,2023-04-08T19:01:20Z
2023-04-09,2023-04-09T05:29:54Z,2023-04-09T19:03:00Z
2023-04-10,2023-04-10T05:28:02Z,2023-04-10T19:04:38Z
2023-04-11,2023-04-11T05:26:11Z,2023-04-11T19:06:16Z
2023-04-12,2023-04-12T05:24:21Z,2023-04-12T19:07:53Z
2023-04-13,2023-04-13T05:22:32Z,2023-04-13T19:09:29Z
2023-04-14,2023-04-14T05:20:45Z,2023-04-14T19:11:04Z
2023-04-15,2023-04-15T05:18:59Z,2023-04-15T19:12:39Z
2023-04-16,2023-04-16T05:17:14Z,2023-04-16T19:14:12Z
2023-04-17,2023-04-17T05:15:31Z,2023-04-17T19:15:44Z
2023-04-18,2023-04-18T05:13:48Z,2023-04-18T19:17:16Z
2023-04-19,2023-04-19T05:12:07Z,2023-04-19T19:18:46Z
2023-04-20,2023-04-20T05:10:28Z,2023-04-20T19:20:15Z
2023-04-21,2023-04-21T05:08:50Z,2023-04-21T19:21:43Z
2023-04-22,2023-04-22T05:07:13Z,2023-04-22T19:23:10Z
2023-04-23,2023-04-23T05:05:38Z,2023-04-23T19:24:36Z
2023-04-24,2023-04-24T05:04:04Z,2023-04-24T19:26:01Z
2023-04-25,2023-04-25T05:02:32Z,2023-04-25T19:27:25Z
2023-04-26,2023-04-26T05:01:01Z,2023-04-26T19:28:47Z
2023-04-27,2023-04-27T04:59:32Z,2023-04-27T19:30:09Z
2023-04-28,2023-04-28T04:58:04Z,2023-04-28T19:31:29Z
2023-04-29,2023-04-29T04:56:38Z,2023-04-29T19:32:48Z
2023-04-30,2023-04-30T04:55:13Z,2023-04-30T19:34:05Z
2023-05-01,2023-05-01T04:53:50Z,2023-05-01T19:35:22Z
2023-05-02,2023-05-02T04:52:29Z,2023-05-02T19:36:37Z
2023-05-03,2023-05-03T04:51:09Z,2023-05-03T19:37:51Z
2023-05-04,2023-05-04T04:49:50Z,2023-05-04T19:39:03Z
2023-05-05,2023-05-05T04:48:34Z,2023-05-05T19:40:14Z
2023-05-06,2023-05-06T04:47:19Z,2023-05-06T19:41:24Z
2023-05-07,2023-05-07T04:46:05Z,2023-05-07T19:42:33Z
2023-05-08,2023-05-08T04:44:54Z,2023-05-08T19:43:40Z
2023-05-09,2023-05-09T04:43:44Z,2023-05-09T19:44:46Z
2023-05-10,2023-05-10T04:42:35Z,2023-05-10T19:45:50Z
2023-05-11,2023-05-11T04:41:29Z,2023-05-11T19:46:53Z
2023-05-12,2023-05-12T04:40:24Z,2023-05-12T19:47:54Z
2023-05-13,2023-05-13T04:39:21Z,2023-05-13T19:48:54Z
2023-05-14,2023-05-14T04:38:19Z,2023-05-14T19:49:53Z
2023-05-15,2023-05-15T04:37:19Z,2023-05-15T19:50:50Z
2023-05-16,2023-05-16T04:36:21Z,2023-05-16T19:51:46Z
2023-05-17,2023-05-17T04:35:25Z,2023-05-17T19:52:40Z
2023-05-18,2023-05-18T04:34:30Z,2023-05-18T19:53:33Z
2023-05-19,2023-05-19T04:33:38Z,2023-05-19T19:54:24Z
2023-05-20,2023-05-20T04:32:47Z,2023-05-20T19:55:14Z
2023-05-21,2023-05-21T04:31:57Z,2023-05-21T19:56:02Z
2023-05-22,2023-05-22T04:31:10Z,2023-05-22T19:56:48Z
2023-05-23,2023-05-23T04:30:24Z,2023-05-23T19:57:33Z
2023-05-24,2023-05-24T04:29:40Z,2023-05-24T19:58:17Z
2023-05-25,2023-05-25T04:28:58Z,2023-05-25T19:58:59Z
2023-05-26,2023-05-26T04:28:17Z,2023-05-26T19:59:39Z
2023-05-27,2023-05-27T04:27:39Z,2023-05-27T20:00:18Z
2023-05-28,2023-05-28T04:27:02Z,2023-05-28T20:00:55Z
2023-05-29,2023-05-29T04:26:27Z,2023-05-29T20:01:30Z
2023-05-30,2023-05-30T04:25:54Z,2023-05-30T20:02:04Z
2023-05-31,2023-05-31T04:25:22Z,2023-05-31T20:02:36Z
2023-06-01,2023-06-01T04:24:52Z,2023-06-01T20:03:07Z
2023-06-02,2023-06-02T04:24:24Z,2023-06-02T20:03:36Z
2023-06-03,2023-06-03T04:23:58Z,2023-06-03T20:04:03Z
2023-06-04,2023-06-04T04:23:34Z,2023-06-04T20:04:29Z
2023-06-05,2023-06-05T04:23:11Z,2023-06-05T20:04:53Z
2023-06-06,2023-06-06T04:22:50Z,2023-06-06T20:05:16Z
2023-06-07,2023-06-07T04:22:31Z,2023-06-07T20:05:36Z
2023-06-08,2023-06-08T04:22:14Z,2023-06-08T20:05:55Z
2023-06-09,2023-06-09T04:21:58Z,2023-06-09T20:06:13Z
2023-06-10,2023-06-10T04:21:44Z,2023-06-10T20:06:28Z
2023-06-11,2023-06-11T04:21:32Z,2023-06-11T20:06:43Z
2023-06-12,2023-06-12T04:21:21Z,2023-06-12T20:06:55Z
2023-06-13,2023-06-13T04:21:13Z,2023-06-13T20:07:05Z
2023-06-14,2023-06-14T04:21:06Z,2023-06-14T20:07:14Z
2023-06-15,2023-06-15T04:21:01Z,2023-06-15T20:07:22Z
2023-06-16,2023-06-16T04:20:57Z,2023-06-16T20:07:27Z
2023-06-17,2023-06-17T04:20:55Z,2023-06-17T20:07:31Z
2023-06-18,2023-06-18T04:20:55Z,2023-06-18T20:07:33Z
2023-06-19,2023-06-19T04:20:57Z,2023-06-19T20:07:34Z
2023-06-20,2023-06-20T04:21:00Z,2023-06-20T20:07:32Z
2023-06-21,2023-06-21T04:21:05Z,2023-06-21T20:07:30Z
2023-06-22,2023-06-22T04:21:12Z,2023-06-22T20:07:25Z
2023-06-23,2023-06-23T04:21:20Z,2023-06-23T20:07:19Z
2023-06-24,2023-06-24T04:21:30Z,2023-06-24T20:07:10Z
2023-06-25,2023-06-25T04:21:41Z,2023-06-25T20:07:01Z
2023-06-26,2023-06-26T04:21:55Z,2023-06-26T20:06:49Z
2023-06-27,2023-06-27T04:22:09Z,2023-06-27T20:06:36Z
2023-06-28,2023-06-28T04:22:26Z,2023-06-28T20:06:21Z
2023-06-29,2023-06-29T04:22:44Z,2023-06-29T20:06:05Z
2023-06-30,2023-06-30T04:23:03Z,2023-06-30T20:05:46Z
2023-07-01,2023-07-01T04:23:25Z,2023-07-01T20:05:27Z
2023-07-02,2023-07-02T04:23:47Z,2023-07-02T20:05:05Z
2023-07-03,2023-07-03T04:24:11Z,2023-07-03T20:04:42Z
2023-07-04,2023-07-04T04:24:37Z,2023-07-04T20:04:17Z
2023-07-05,2023-07-05T04:25:05Z,2023-07-05T20:03:50Z
2023-07-06,2023-07-06T04:25:33Z,2023-07-06T20:03:22Z
2023-07-07,2023-07-07T04:26:04Z,2023-07-07T20:02:52Z
2023-07-08,2023-07-08T04:26:35Z,2023-07-08T20:02:20Z
2023-07-09,2023-07-09T04:27:09Z,2023-07-09T20:01:47Z
2023-07-10,2023-07-10T04:27:43Z,2023-07-10T20:01:12Z
2023-07-11,2023-07-11T04:28:19Z,2023-07-11T20:00:35Z
2023-07-12,2023-07-12T04:28:57Z,2023-07-12T19:59:57Z
2023-07-13,2023-07-13T04:29:36Z,2023-07-13T19:59:17Z
2023-07-14,2023-07-14T04:30:16Z,2023-07-14T19:58:36Z
2023-07-15,2023-07-15T04:30:58Z,2023-07-15T19:57:53Z
2023-07-16,2023-07-16T04:31:41Z,2023-07-16T19:57:08Z
2023-07-17,2023-07-17T04:32:26Z,2023-07-17T19:56:22Z
2023-07-18,2023-07-18T04:33:11Z,2023-07-18T19:55:34Z
2023-07-19,2023-07-19T04:33:58Z,2023-07-19T19:54:44Z
2023-07-20,2023-07-20T04:34:47Z,2023-07-20T19:53:53Z
2023-07-21,2023-07-21T04:35:36Z,2023-07-21T19:53:01Z
2023-07-22,2023-07-22T04:36:27Z,2023-07-22T19:52:06Z
2023-07-23,2023-07-23T04:37:20Z,2023-07-23T19:51:11Z
2023-07-24,2023-07-24T04:38:13Z,2023-07-24T19:50:13Z
2023-07-25,2023-07-25T04:39:08Z,2023-07-25T19:49:15Z
2023-07-26,2023-07-26T04:40:03Z,2023-07-26T19:48:14Z
2023-07-27,2023-07-27T04:41:00Z,2023-07-27T19:47:13Z
2023-07-28,2023-07-28T04:41:59Z,2023-07-28T19:46:09Z
2023-07-29,2023-07-29T04:42:58Z,2023-07-29T19:45:05Z
2023-07-30,2023-07-30T04:43:58Z,2023-07-30T19:43:58Z
2023-07-31,2023-07-31T04:45:00Z,2023-07-31T19:42:51Z
2023-08-01,2023-08-01T04:46:03Z,2023-08-01T19:41:42Z
2023-08-02,2023-08-02T04:47:06Z,2023-08-02T19:40:31Z
2023-08-03,2023-08-03T04:48:11Z,2023-08-03T19:39:19Z
2023-08-04,2023-08-04T04:49:17Z,2023-08-04T19:38:06Z
2023-08-05,2023-08-05T04:50:24Z,2023-08-05T19:36:51Z
2023-08-06,2023-08-06T04:51:31Z,2023-08-06T19:35:35Z
2023-08-07,2023-08-07T04:52:40Z,2023-08-07T19:34:18Z
2023-08-08,2023-08-08T04:53:50Z,2023-08-08T19:32:59Z
2023-08-09,2023-08-09T04:55:01Z,2023-08-09T19:31:39Z
2023-08-10,2023-08-10T04:56:12Z,2023-08-10T19:30:17Z
2023-08-11,2023-08-11T04:57:25Z,2023-08-11T19:28:55Z
2023-08-12,2023-08-12T04:58:38Z,2023-08-12T19:27:31Z
2023-08-13,2023-08-13T04:59:52Z,2023-08-13T19:26:06Z
2023-08-14,2023-08-14T05:01:07Z,2023-08-14T19:24:39Z
2023-08-15,2023-08-15T05:02:23Z,2023-08-15T19:23:11Z
2023-08-16,2023-08-16T05:03:40Z,2023-08-16T19:21:43Z
2023-08-17,2023-08-17T05:04:58Z,2023-08-17T19:20:12Z
2023-08-18,2023-08-18T05:06:16Z,2023-08-18T19:18:41Z
2023-08-19,2023-08-19T05:07:35Z,2023-08-19T19:17:09Z
2023-08-20,2023-08-20T05:08:55Z,2023-08-20T19:15:35Z
2023-08-21,2023-08-21T05:10:15Z,2023-08-21T19:14:01Z
2023-08-22,2023-08-22T05:11:36Z,2023-08-22T19:12:25Z
2023-08-23,2023-08-23T05:12:58Z,2023-08-23T19:10:48Z
2023-08-24,2023-08-24T05:14:21Z,2023-08-24T19:09:11Z
2023-08-25,2023-08-25T05:15:44Z,2023-08-25T19:07:32Z
2023-08-26,2023-08-26T05:17:08Z,2023-08-26T19:05:52Z
2023-08-27,2023-08-27T05:18:32Z,2023-08-27T19:04:11Z
2023-08-28,2023-08-28T05:19:57Z,2023-08-28T19:02:29Z
2023-08-29,2023-08-29T05:21:22Z,2023-08-29T19:00:47Z
2023-08-30,2023-08-30T05:22:48Z,2023-08-30T18:59:03Z
2023-08-31,2023-08-31T05:24:15Z,2023-08-31T18:57:18Z
2022-09-01,2022-09-01T05:25:42Z,2022-09-01T18:55:33Z
2022-09-02,2022-09-02T05:27:09Z,2022-09-02T18:53:47Z
2022-09-03,2022-09-03T05:28:37Z,2022-09-03T18:52:00Z
2022-09-04,2022-09-04T05:30:06Z,2022-09-04T18:50:12Z
2022-09-05,2022-09-05T05:31:34Z,2022-09-05T18:48:23Z
2022-09-06,2022-09-06T05:33:04Z,2022-09-06T18:46:34Z
2022-09-07,2022-09-07T05:34:33Z,2022-09-07T18:44:44Z
2022-09-08,2022-09-08T05:36:03Z,2022-09-08T18:42:53Z
2022-09-09,2022-09-09T05:37:33Z,2022-09-09T18:41:01Z
2022-09-10,2022-09-10T05:39:04Z,2022-09-10T18:39:09Z
2022-09-11,2022-09-11T05:40:35Z,2022-09-11T18:37:17Z
2022-09-12,2022-09-12T05:42:06Z,2022-09-12T18:35:23Z
2022-09-13,2022-09-13T05:43:37Z,2022-09-13T18:33:29Z
2022-09-14,2022-09-14T05:45:09Z,2022-09-14T18:31:35Z
2022-09-15,2022-09-15T05:46:41Z,2022-09-15T18:29:40Z
2022-09-16,2022-09-16T05:48:13Z,2022-09-16T18:27:45Z
2022-09-17,2022-09-17T05:49:45Z,2022-09-17T18:25:49Z
2022-09-18,2022-09-18T05:51:18Z,2022-09-18T18:23:52Z
2022-09-19,2022-09-19T05:52:50Z,2022-09-19T18:21:56Z
2022-09-20,2022-09-20T05:54:23Z,2022-09-20T18:19:59Z
2022-09-21,2022-09-21T05:55:56Z,2022-09-21T18:18:01Z
2022-09-22,2022-09-22T05:57:29Z,2022-09-22T18:16:04Z
2022-09-23,2022-09-23T05:59:02Z,2022-09-23T18:14:06Z
2022-09-24,2022-09-24T06:00:35Z,2022-09-24T18:12:07Z
2022-09-25,2022-09-25T06:02:08Z,2022-09-25T18:10:09Z
2022-09-26,2022-09-26T06:03:41Z,2022-09-26T18:08:10Z
2022-09-27,2022-09-27T06:05:15Z,2022-09-27T18:06:12Z
2022-09-28,2022-09-28T06:06:48Z,2022-09-28T18:04:13Z
2022-09-29,2022-09-29T06:08:21Z,2022-09-29T18:02:14Z
2022-09-30,2022-09-30T06:09:54Z,2022-09-30T18:00:15Z
2022-10-01,2022-10-01T06:11:27Z,2022-10-01T17:58:16Z
2022-10-02,2022-10-02T06:13:01Z,2022-10-02T17:56:17Z
2022-10-03,2022-10-03T06:14:34Z,2022-10-03T17:54:18Z
2022-10-04,2022-10-04T06:16:06Z,2022-10-04T17:52:19Z
2022-10-05,2022-10-05T06:17:39Z,2022-10-05T17:50:20Z
2022-10-06,2022-10-06T06:19:12Z,2022-10-06T17:48:22Z
2022-10-07,2022-10-07T06:20:44Z,2022-10-07T17:46:23Z
2022-10-08,2022-10-08T06:22:17Z,2022-10-08T17:44:25Z
2022-10-09,2022-10-09T06:23:49Z,2022-10-09T17:42:27Z
2022-10-10,2022-10-10T06:25:21Z,2022-10-10T17:40:29Z
2022-10-11,2022-10-11T06:26:53Z,2022-10-11T17:38:32Z
2022-10-12,2022-10-12T06:28:24Z,2022-10-12T17:36:35Z
2022-10-13,2022-10-13T06:29:56Z,2022-10-13T17:34:39Z
2022-10-14,2022-10-14T06:31:27Z,2022-10-14T17:32:43Z
2022-10-15,2022-10-15T06:32:58Z,2022-10-15T17:30:47Z
2022-10-16,2022-10-16T06:34:28Z,2022-10-16T17:28:52Z
2022-10-17,2022-10-17T06:35:58Z,2022-10-17T17:26:57Z
2022-10-18,2022-10-18T06:37:28Z,2022-10-18T17:25:03Z
2022-10-19,2022-10-19T06:38:58Z,2022-10-19T17:23:10Z
2022-10-20,2022-10-20T06:40:28Z,2022-10-20T17:21:18Z
2022-10-21,2022-10-21T06:41:57Z,2022-10-21T17:19:26Z
2022-10-22,2022-10-22T06:43:25Z,2022-10-22T17:17:34Z
2022-10-23,2022-10-23T06:44:54Z,2022-10-23T17:15:44Z
2022-10-24,2022-10-24T06:46:22Z,2022-10-24T17:13:55Z
2022-10-25,2022-10-25T06:47:50Z,2022-10-25T17:12:06Z
2022-10-26,2022-10-26T06:49:17Z,2022-10-26T17:10:18Z
2022-10-27,2022-10-27T06:50:44Z,2022-10-27T17:08:32Z
2022-10-28,2022-10-28T06:52:10Z,2022-10-28T17:06:46Z
2022-10-29,2022-10-29T06:53:37Z,2022-10-29T17:05:01Z
2022-10-30,2022-10-30T06:55:02Z,2022-10-30T17:03:18Z
2022-10-31,2022-10-31T06:56:28Z,2022-10-31T17:01:35Z
2022-11-01,2022-11-01T06:57:53Z,2022-11-01T16:59:54Z
2022-11-02,2022-11-02T06:59:17Z,2022-11-02T16:58:14Z
2022-11-03,2022-11-03T07:00:41Z,2022-11-03T16:56:35Z
2022-11-04,2022-11-04T07:02:05Z,2022-11-04T16:54:57Z
2022-11-05,2022-11-05T07:03:28Z,2022-11-05T16:53:21Z
2022-11-06,2022-11-06T07:04:50Z,2022-11-06T16:51:46Z
2022-11-07,2022-11-07T07:06:12Z,2022-11-07T16:50:13Z
2022-11-08,2022-11-08T07:07:34Z,2022-11-08T16:48:41Z
2022-11-09,2022-11-09T07:08:55Z,2022-11-09T16:47:11Z
2022-11-10,2022-11-10T07:10:16Z,2022-11-10T16:45:42Z
2022-11-11,2022-11-11T07:11:36Z,2022-11-11T16:44:15Z
2022-11-12,2022-11-12T07:12:56Z,2022-11-12T16:42:50Z
2022-11-13,2022-11-13T07:14:16Z,2022-11-13T16:41:26Z
2022-11-14,2022-11-14T07:15:34Z,2022-11-14T16:40:04Z
2022-11-15,2022-11-15T07:16:53Z,2022-11-15T16:38:44Z
2022-11-16,2022-11-16T07:18:11Z,2022-11-16T16:37:26Z
2022-11-17,2022-11-17T07:19:28Z,2022-11-17T16:36:09Z
2022-11-18,2022-11-18T07:20:45Z,2022-11-18T16:34:55Z
2022-11-19,2022-11-19T07:22:01Z,2022-11-19T16:33:43Z
2022-11-20,2022-11-20T07:23:17Z,2022-11-20T16:32:32Z
2022-11-21,2022-11-21T07:24:32Z,2022-11-21T16:31:24Z
2022-11-22,2022-11-22T07:25:47Z,2022-11-22T16:30:18Z
2022-11-23,2022-11-23T07:27:01Z,2022-11-23T16:29:15Z
2022-11-24,2022-11-24T07:28:15Z,2022-11-24T16:28:13Z
2022-11-25,2022-11-25T07:29:29Z,2022-11-25T16:27:14Z
2022-11-26,2022-11-26T07:30:41Z,2022-11-26T16:26:17Z
2022-11-27,2022-11-27T07:31:54Z,2022-11-27T16:25:23Z
2022-11-28,2022-11-28T07:33:06Z,2022-11-28T16:24:31Z
2022-11-29,2022-11-29T07:34:17Z,2022-11-29T16:23:41Z
2022-11-30,2022-11-30T07:35:28Z,2022-11-30T16:22:54Z
2022-12-01,2022-12-01T07:36:38Z,2022-12-01T16:22:10Z
2022-12-02,2022-12-02T07:37:48Z,2022-12-02T16:21:29Z
2022-12-03,2022-12-03T07:38:58Z,2022-12-03T16:20:50Z
2022-12-04,2022-12-04T07:40:07Z,2022-12-04T16:20:14Z
2022-12-05,2022-12-05T07:41:16Z,2022-12-05T16:19:41Z
2022-12-06,2022-12-06T07:42:24Z,2022-12-06T16:19:10Z
2022-12-07,2022-12-07T07:43:32Z,2022-12-07T16:18:43Z
2022-12-08,2022-12-08T07:44:39Z,2022-12-08T16:18:19Z
2022-12-09,2022-12-09T07:45:46Z,2022-12-09T16:17:58Z
2022-12-10,2022-12-10T07:46:53Z,2022-12-10T16:17:40Z
2022-12-11,2022-12-11T07:47:59Z,2022-12-11T16:17:25Z
2022-12-12,2022-12-12T07:49:05Z,2022-12-12T16:17:13Z
2022-12-13,2022-12-13T07:50:10Z,2022-12-13T16:17:05Z
2022-12-14,2022-12-14T07:51:15Z,2022-12-14T16:17:00Z
2022-12-15,2022-12-15T07:52:20Z,2022-12-15T16:16:58Z
2022-12-16,2022-12-16T07:53:24Z,2022-12-16T16:17:00Z
2022-12-17,2022-12-17T07:54:29Z,2022-12-17T16:17:05Z
2022-12-18,2022-12-18T07:55:32Z,2022-12-18T16:17:14Z
2022-12-19,2022-12-19T07:56:36Z,2022-12-19T16:17:27Z
2022-12-20,2022-12-20T07:57:39Z,2022-12-20T16:17:43Z
2022-12-21,2022-12-21T07:58:42Z,2022-12-21T16:18:03Z
2022-12-22,2022-12-22T07:59:45Z,2022-12-22T16:18:27Z
2022-12-23,2022-12-23T08:00:47Z,2022-12-23T16:18:55Z
2022-12-24,2022-12-24T08:01:50Z,2022-12-24T16:19:27Z
2022-12-25,2022-12-25T08:02:52Z,2022-12-25T16:20:03Z
2022-12-26,2022-12-26T08:03:54Z,2022-12-26T16:20:43Z
2022-12-27,2022-12-27T08:04:56Z,2022-12-27T16:21:27Z
2022-12-28,2022-12-28T08:05:58Z,2022-12-28T16:22:15Z
2022-12-29,2022-12-29T08:06:59Z,2022-12-29T16:23:07Z
2022-12-30,2022-12-30T08:08:01Z,2022-12-30T16:24:04Z
2022-12-31,2022-12-31T08:09:03Z,2022-12-31T16:25:05Z
2022-01-01,2022-01-01T07:57:11Z,2022-01-01T16:39:14Z
2022-01-02,2022-01-02T07:57:53Z,2022-01-02T16:39:28Z
2022-01-03,2022-01-03T07:58:30Z,2022-01-03T16:39:45Z
2022-01-04,2022-01-04T07:59:01Z,2022-01-04T16:40:05Z
2022-01-05,2022-01-05T07:59:27Z,2022-01-05T16:40:28Z
2022-01-06,2022-01-06T07:59:47Z,2022-01-06T16:40:54Z
2022-01-07,2022-01-07T08:00:02Z,2022-01-07T16:41:23Z
2022-01-08,2022-01-08T08:00:12Z,2022-01-08T16:41:54Z
2022-01-09,2022-01-09T08:00:17Z,2022-01-09T16:42:28Z
2022-01-10,2022-01-10T08:00:17Z,2022-01-10T16:43:05Z
2022-01-11,2022-01-11T08:00:12Z,2022-01-11T16:43:45Z
2022-01-12,2022-01-12T08:00:02Z,2022-01-12T16:44:27Z
2022-01-13,2022-01-13T07:59:47Z,2022-01-13T16:45:12Z
2022-01-14,2022-01-14T07:59:29Z,2022-01-14T16:45:59Z
2022-01-15,2022-01-15T07:59:05Z,2022-01-15T16:46:49Z
2022-01-16,2022-01-16T07:58:38Z,2022-01-16T16:47:41Z
2022-01-17,2022-01-17T07:58:06Z,2022-01-17T16:48:35Z
2022-01-18,2022-01-18T07:57:30Z,2022-01-18T16:49:31Z
2022-01-19,2022-01-19T07:56:51Z,2022-01-19T16:50:30Z
2022-01-20,2022-01-20T07:56:07Z,2022-01-20T16:51:31Z
2022-01-21,2022-01-21T07:55:19Z,2022-01-21T16:52:34Z
2022-01-22,2022-01-22T07:54:28Z,2022-01-22T16:53:39Z
2022-01-23,2022-01-23T07:53:34Z,2022-01-23T16:54:46Z
2022-01-24,2022-01-24T07:52:36Z,2022-01-24T16:55:55Z
2022-01-25,2022-01-25T07:51:34Z,2022-01-25T16:57:06Z
2022-01-26,2022-01-26T07:50:29Z,2022-01-26T16:58:19Z
2022-01-27,2022-01-27T07:49:21Z,2022-01-27T16:59:34Z
2022-01-28,2022-01-28T07:48:10Z,2022-01-28T17:00:50Z
2022-01-29,2022-01-29T07:46:56Z,2022-01-29T17:02:08Z
2022-01-30,2022-01-30T07:45:39Z,2022-01-30T17:03:28Z
2022-01-31,2022-01-31T07:44:20Z,2022-01-31T17:04:49Z
2022-02-01,2022-02-01T07:42:57Z,2022-02-01T17:06:12Z
2022-02-02,2022-02-02T07:41:32Z,2022-02-02T17:07:37Z
2022-02-03,2022-02-03T07:40:04Z,2022-02-03T17:09:03Z
2022-02-04,2022-02-04T07:38:34Z,2022-02-04T17:10:30Z
2022-02-05,2022-02-05T07:37:01Z,2022-02-05T17:11:59Z
2022-02-06,2022-02-06T07:35:26Z,2022-02-06T17:13:29Z
2022-02-07,2022-02-07T07:33:49Z,2022-02-07T17:15:01Z
2022-02-08,2022-02-08T07:32:10Z,2022-02-08T17:16:33Z
2022-02-09,2022-02-09T07:30:29Z,2022-02-09T17:18:07Z
2022-02-10,2022-02-10T07:28:46Z,2022-02-10T17:19:42Z
2022-02-11,2022-02-11T07:27:01Z,2022-02-11T17:21:19Z
2022-02-12,2022-02-12T07:25:14Z,2022-02-12T17:22:56Z
2022-02-13,2022-02-13T07:23:25Z,2022-02-13T17:24:34Z
2022-02-14,2022-02-14T07:21:35Z,2022-02-14T17:26:14Z
2022-02-15,2022-02-15T07:19:43Z,2022-02-15T17:27:54Z
2022-02-16,2022-02-16T07:17:49Z,2022-02-16T17:29:35Z
2022-02-17,2022-02-17T07:15:54Z,2022-02-17T17:31:17Z
2022-02-18,2022-02-18T07:13:58Z,2022-02-18T17:33:00Z
2022-02-19,2022-02-19T07:12:00Z,2022-02-19T17:34:44Z
2022-02-20,2022-02-20T07:10:01Z,2022-02-20T17:36:29Z
2022-02-21,2022-02-21T07:08:02Z,2022-02-21T17:38:14Z
2022-02-22,2022-02-22T07:06:00Z,2022-02-22T17:40:00Z
2022-02-23,2022-02-23T07:03:58Z,2022-02-23T17:41:46Z
2022-02-24,2022-02-24T07:01:55Z,2022-02-24T17:43:33Z
2022-02-25,2022-02-25T06:59:51Z,2022-02-25T17:45:21Z
2022-02-26,2022-02-26T06:57:47Z,2022-02-26T17:47:09Z
2022-02-27,2022-02-27T06:55:41Z,2022-02-27T17:48:58Z
2022-02-28,2022-02-28T06:53:35Z,2022-02-28T17:50:47Z
2022-03-01,2022-03-01T06:51:28Z,2022-03-01T17:52:36Z
2022-03-02,2022-03-02T06:49:20Z,2022-03-02T17:54:26Z
2022-03-03,2022-03-03T06:47:12Z,2022-03-03T17:56:17Z
2022-03-04,2022-03-04T06:45:04Z,2022-03-04T17:58:07Z
2022-03-05,2022-03-05T06:42:55Z,2022-03-05T17:59:58Z
2022-03-06,2022-03-06T06:40:46Z,2022-03-06T18:01:49Z
2022-03-07,2022-03-07T06:38:36Z,2022-03-07T18:03:40Z
2022-03-08,2022-03-08T06:36:26Z,2022-03-08T18:05:31Z
2022-03-09,2022-03-09T06:34:16Z,2022-03-09T18:07:23Z
2022-03-10,2022-03-10T06:32:06Z,2022-03-10T18:09:14Z
2022-03-11,2022-03-11T06:29:56Z,2022-03-11T18:11:06Z
2022-03-12,2022-03-12T06:27:46Z,2022-03-12T18:12:57Z
2022-03-13,2022-03-13T06:25:36Z,2022-03-13T18:14:49Z
2022-03-14,2022-03-14T06:23:26Z,2022-03-14T18:16:40Z
2022-03-15,2022-03-15T06:21:16Z,2022-03-15T18:18:32Z
2022-03-16,2022-03-16T06:19:06Z,2022-03-16T18:20:23Z
2022-03-17,2022-03-17T06:16:56Z,2022-03-17T18:22:14Z
2022-03-18,2022-03-18T06:14:47Z,2022-03-18T18:24:05Z
2022-03-19,2022-03-19T06:12:38Z,2022-03-19T18:25:56Z
2022-03-20,2022-03-20T06:10:30Z,2022-03-20T18:27:46Z
2022-03-21,2022-03-21T06:08:21Z,2022-03-21T18:29:37Z
2022-03-22,2022-03-22T06:06:14Z,2022-03-22T18:31:27Z
2022-03-23,2022-03-23T06:04:06Z,2022-03-23T18:33:16Z
2022-03-24,2022-03-24T06:01:59Z,2022-03-24T18:35:05Z
2022-03-25,2022-03-25T05:59:53Z,2022-03-25T18:36:54Z
2022-03-26,2022-03-26T05:57:48Z,2022-03-26T18:38:42Z
2022-03-27,2022-03-27T05:55:43Z,2022-03-27T18:40:30Z
2022-03-28,2022-03-28T05:53:38Z,2022-03-28T18:42:18Z
2022-03-29,2022-03-29T05:51:35Z,2022-03-29T18:44:05Z
2022-03-30,2022-03-30T05:49:32Z,2022-03-30T18:45:51Z
2022-03-31,2022-03-31T05:47:30Z,2022-03-31T18:47:37Z
2022-04-01,2022-04-01T05:45:29Z,2022-04-01T18:49:22Z
2022-04-02,2022-04-02T05:43:29Z,2022-04-02T18:51:07Z
2022-04-03,2022-04-03T05:41:29Z,2022-04-03T18:52:51Z
2022-04-04,2022-04-04T05:39:31Z,2022-04-04T18:54:34Z
2022-04-05,2022-04-05T05:37:34Z,2022-04-05T18:56:17Z
2022-04-06,2022-04-06T05:35:37Z,2022-04-06T18:57:59Z
2022-04-07,2022-04-07T05:33:42Z,2022-04-07T18:59:40Z
2022-04-08,2022-04-08T05:31:47Z,2022-04-08T19:01:20Z
2022-04-09,2022-04-09T05:29:54Z,2022-04-09T19:03:00Z
2022-04-10,2022-04-10T05:28:02Z,2022-04-10T19:04:38Z
2022-04-11,2022-04-11T05:26:11Z,2022-04-11T19:06:16Z
2022-04-12,2022-04-12T05:24:21Z,2022-04-12T19:07:53Z
2022-04-13,2022-04-13T05:22:32Z,2022-04-13T19:09:29Z
2022-04-14,2022-04-14T05:20:45Z,2022-04-14T19:11:04Z
2022-04-15,2022-04-15T05:18:59Z,2022-04-15T19:12:39Z
2022-04-16,2022-04-16T05:17:14Z,2022-04-16T19:14:12Z
2022-04-17,2022-04-17T05:15:31Z,2022-04-17T19:15:44Z
2022-04-18,2022-04-18T05:13:48Z,2022-04-18T19:17:16Z
2022-04-19,2022-04-19T05:12:07Z,2022-04-19T19:18:46Z
2022-04-20,2022-04-20T05:10:28Z,2022-04-20T19:20:15Z
2022-04-21,2022-04-21T05:08:50Z,2022-04-21T19:21:43Z
2022-04-22,2022-04-22T05:07:13Z,2022-04-22T19:23:10Z
2022-04-23,2022-04-23T05:05:38Z,2022-04-23T19:24:36Z
2022-04-24,2022-04-24T05:04:04Z,2022-04-24T19:26:01Z
2022-04-25,2022-04-25T05:02:32Z,2022-04-25T19:27:25Z
2022-04-26,2022-04-26T05:01:01Z,2022-04-26T19:28:47Z
2022-04-27,2022-04-27T04:59:32Z,2022-04-27T19:30:09Z
2022-04-28,2022-04-28T04:58:04Z,2022-04-28T19:31:29Z
2022-04-29,2022-04-29T04:56:38Z,2022-04-29T19:32:48Z
2022-04-30,2022-04-30T04:55:13Z,2022-04-30T19:34:05Z
2022-05-01,2022-05-01T04:53:50Z,2022-05-01T19:35:22Z
2022-05-02,2022-05-02T04:52:29Z,2022-05-02T19:36:37Z
2022-05-03,2022-05-03T04:51:09Z,2022-05-03T19:37:51Z
2022-05-04,2022-05-04T04:49:50Z,2022-05-04T19:39:03Z
2022-05-05,2022-05-05T04:48:34Z,2022-05-05T19:40:14Z
2022-05-06,2022-05-06T04:47:19Z,2022-05-06T19:41:24Z
2022-05-07,2022-05-07T04:46:05Z,2022-05-07T19:42:33Z
2022-05-08,2022-05-08T04:44:54Z,2022-05-08T19:43:40Z
2022-05-09,2022-05-09T04:43:44Z,2022-05-09T19:44:46Z
2022-05-10,2022-05-10T04:42:35Z,2022-05-10T19:45:50Z
2022-05-11,2022-05-11T04:41:29Z,2022-05-11T19:46:53Z
2022-05-12,2022-05-12T04:40:24Z,2022-05-12T19:47:54Z
2022-05-13,2022-05-13T04:39:21Z,2022-05-13T19:48:54Z
2022-05-14,2022-05-14T04:38:19Z,2022-05-14T19:49:53Z
2022-05-15,2022-05-15T04:37:19Z,2022-05-15T19:50:50Z
2022-05-16,2022-05-16T04:36:21Z,2022-05-16T19:51:46Z
2022-05-17,2022-05-17T04:35:25Z,2022-05-17T19:52:40Z
2022-05-18,2022-05-18T04:34:30Z,2022-05-18T19:53:33Z
2022-05-19,2022-05-19T04:33:38Z,2022-05-19T19:54:24Z
2022-05-20,2022-05-20T04:32:47Z,2022-05-20T19:55:14Z
2022-05-21,2022-05-21T04:31:57Z,2022-05-21T19:56:02Z
2022-05-22,2022-05-22T04:31:10Z,2022-05-22T19:56:48Z
2022-05-23,2022-05-23T04:30:24Z,2022-05-23T19:57:33Z
2022-05-24,2022-05-24T04:29:40Z,2022-05-24T19:58:17Z
2022-05-25,2022-05-25T04:28:58Z,2022-05-25T19:58:59Z
2022-05-26,2022-05-26T04:28:17Z,2022-05-26T19:59:39Z
2022-05-27,2022-05-27T04:27:39Z,2022-05-27T20:00:18Z
2022-05-28,2022-05-28T04:27:02Z,2022-05-28T20:00:55Z
2022-05-29,2022-05-29T04:26:27Z,2022-05-29T20:01:30Z
2022-05-30,2022-05-30T04:25:54Z,2022-05-30T20:02:04Z
2022-05-31,2022-05-31T04:25:22Z,2022-05-31T20:02:36Z
2022-06-01,2022-06-01T04:24:52Z,2022-06-01T20:03:07Z
2022-06-02,2022-06-02T04:24:24Z,2022-06-02T20:03:36Z
2022-06-03,2022-06-03T04:23:58Z,2022-06-03T20:04:03Z
2022-06-04,2022-06-04T04:23:34Z,2022-06-04T20:04:29Z
2022-06-05,2022-06-05T04:23:11Z,2022-06-05T20:04:53Z
2022-06-06,2022-06-06T04:22:50Z,2022-06-06T20:05:16Z
2022-06-07,2022-06-07T04:22:31Z,2022-06-07T20:05:36Z
2022-06-08,2022-06-08T04:22:14Z,2022-06-08T20:05:55Z
2022-06-09,2022-06-09T04:21:58Z,2022-06-09T20:06:13Z
2022-06-10,2022-06-10T04:21:44Z,2022-06-10T20:06:28Z
2022-06-11,2022-06-11T04:21:32Z,2022-06-11T20:06:43Z
2022-06-12,2022-06-12T04:21:21Z,2022-06-12T20:06:55Z
2022-06-13,2022-06-13T04:21:13Z,2022-06-13T20:07:05Z
2022-06-14,2022-06-14T04:21:06Z,2022-06-14T20:07:14Z
2022-06-15,2022-06-15T04:21:01Z,2022-06-15T20:07:22Z
2022-06-16,2022-06-16T04:20:57Z,2022-06-16T20:07:27Z
2022-06-17,2022-06-17T04:20:55Z,2022-06-17T20:07:31Z
2022-06-18,2022-06-18T04:20:55Z,2022-06-18T20:07:33Z
2022-06-19,2022-06-19T04:20:57Z,2022-06-19T20:07:34Z
2022-06-20,2022-06-20T04:21:00Z,2022-06-20T20:07:32Z
2022-06-21,2022-06-21T04:21:05Z,2022-06-21T20:07:30Z
2022-06-22,2022-06-22T04:21:12Z,2022-06-22T20:07:25Z
2022-06-23,2022-06-23T04:21:20Z,2022-06-23T20:07:19Z
2022-06-24,2022-06-24T04:21:30Z,2022-06-24T20:07:10Z
2022-06-25,2022-06-25T04:21:41Z,2022-06-25T20:07:01Z
2022-06-26,2022-06-26T04:21:55Z,2022-06-26T20:06:49Z
2022-06-27,2022-06-27T04:22:09Z,2022-06-27T20:06:36Z
2022-06-28,2022-06-28T04:22:26Z,2022-06-28T20:06:21Z
2022-06-29,2022-06-29T04:22:44Z,2022-06-29T20:06:05Z
2022-06-30,2022-06-30T04:23:03Z,2022-06-30T20:05:46Z
2022-07-01,2022-07-01T04:23:25Z,2022-07-01T20:05:27Z
2022-07-02,2022-07-02T04:23:47Z,2022-07-02T20:05:05Z
2022-07-03,2022-07-03T04:24:11Z,2022-07-03T20:04:42Z
2022-07-04,2022-07-04T04:24:37Z,2022-07-04T20:04:17Z
2022-07-05,2022-07-05T04:25:05Z,2022-07-05T20:03:50Z
2022-07-06,2022-07-06T04:25:33Z,2022-07-06T20:03:22Z
2022-07-07,2022-07-07T04:26:04Z,2022-07-07T20:02:52Z
2022-07-08,2022-07-08T04:26:35Z,2022-07-08T20:02:20Z
2022-07-09,2022-07-09T04:27:09Z,2022-07-09T20:01:47Z
2022-07-10,2022-07-10T04:27:43Z,2022-07-10T20:01:12Z
2022-07-11,2022-07-11T04:28:19Z,2022-07-11T20:00:35Z
2022-07-12,2022-07-12T04:28:57Z,2022-07-12T19:59:57Z
2022-07-13,2022-07-13T04:29:36Z,2022-07-13T19:59:17Z
2022-07-14,2022-07-14T04:30:16Z,2022-07-14T19:58:36Z
2022-07-15,2022-07-15T04:30:58Z,2022-07-15T19:57:53Z
2022-07-16,2022-07-16T04:31:41Z,2022-07-16T19:57:08Z
2022-07-17,2022-07-17T04:32:26Z,2022-07-17T19:56:22Z
2022-07-18,2022-07-18T04:33:11Z,2022-07-18T19:55:34Z
2022-07-19,2022-07-19T04:33:58Z,2022-07-19T19:54:44Z
2022-07-20,2022-07-20T04:34:47Z,2022-07-20T19:53:53Z
2022-07-21,2022-07-21T04:35:36Z,2022-07-21T19:53:01Z
2022-07-22,2022-07-22T04:36:27Z,2022-07-22T19:52:06Z
2022-07-23,2022-07-23T04:37:20Z,2022-07-23T19:51:11Z
2022-07-24,2022-07-24T04:38:13Z,2022-07-24T19:50:13Z
2022-07-25,2022-07-25T04:39:08Z,2022-07-25T19:49:15Z
2022-07-26,2022-07-26T04:40:03Z,2022-07-26T19:48:14Z
2022-07-27,2022-07-27T04:41:00Z,2022-07-27T19:47:13Z
2022-07-28,2022-07-28T04:41:59Z,2022-07-28T19:46:09Z
2022-07-29,2022-07-29T04:42:58Z,2022-07-29T19:45:05Z
2022-07-30,2022-07-30T04:43:58Z,2022-07-30T19:43:58Z
2022-07-31,2022-07-31T04:45:00Z,2022-07-31T19:42:51Z
2022-08-01,2022-08-01T04:46:03Z,2022-08-01T19:41:42Z
2022-08-02,2022-08-02T04:47:06Z,2022-08-02T19:40:31Z
2022-08-03,2022-08-03T04:48:11Z,2022-08-03T19:39:19Z
2022-08-04,2022-08-04T04:49:17Z,2022-08-04T19:38:06Z
2022-08-05,2022-08-05T04:50:24Z,2022-08-05T19:36:51Z
2022-08-06,2022-08-06T04:51:31Z,2022-08-06T19:35:35Z
2022-08-07,2022-08-07T04:52:40Z,2022-08-07T19:34:18Z
2022-08-08,2022-08-08T04:53:50Z,2022-08-08T19:32:59Z
2022-08-09,2022-08-09T04:55:01Z,2022-08-09T19:31:39Z
2022-08-10,2022-08-10T04:56:12Z,2022-08-10T19:30:17Z
2022-08-11,2022-08-11T04:57:25Z,2022-08-11T19:28:55Z
2022-08-12,2022-08-12T04:58:38Z,2022-08-12T19:27:31Z
2022-08-13,2022-08-13T04:59:52Z,2022-08-13T19:26:06Z
2022-08-14,2022-08-14T05:01:07Z,2022-08-14T19:24:39Z
2022-08-15,2022-08-15T05:02:23Z,2022-08-15T19:23:11Z
2022-08-16,2022-08-16T05:03:40Z,2022-08-16T19:21:43Z
2022-08-17,2022-08-17T05:04:58Z,2022-08-17T19:20:12Z
2022-08-18,2022-08-18T05:06:16Z,2022-08-18T19:18:41Z
2022-08-19,2022-08-19T05:07:35Z,2022-08-19T19:17:09Z
2022-08-20,2022-08-20T05:08:55Z,2022-08-20T19:15:35Z
2022-08-21,2022-08-21T05:10:15Z,2022-08-21T19:14:01Z
2022-08-22,2022-08-22T05:11:36Z,2022-08-22T19:12:25Z
2022-08-23,2022-08-23T05:12:58Z,2022-08-23T19:10:48Z
2022-08-24,2022-08-24T05:14:21Z,2022-08-24T19:09:11Z
2022-08-25,2022-08-25T05:15:44Z,2022-08-25T19:07:32Z
2022-08-26,2022-08-26T05:17:08Z,2022-08-26T19:05:52Z
2022-08-27,2022-08-27T05:18:32Z,2022-08-27T19:04:11Z
2022-08-28,2022-08-28T05:19:57Z,2022-08-28T19:02:29Z
2022-08-29,2022-08-29T05:21:22Z,2022-08-29T19:00:47Z
2022-08-30,2022-08-30T05:22:48Z,2022-08-30T18:59:03Z
2022-08-31,2022-08-31T05:24:15Z,2022-08-31T18:57:18Z
2022-09-01,2022-09-01T05:25:42Z,2022-09-01T18:55:33Z
2022-09-02,2022-09-02T05:27:09Z,2022-09-02T18:53:47Z
2022-09-03,2022-09-03T05:28:37Z,2022-09-03T18:52:00Z
2022-09-04,2022-09-04T05:30:06Z,2022-09-04T18:50:12Z
2022-09-05,2022-09-05T05:31:34Z,2022-09-05T18:48:23Z
2022-09-06,2022-09-06T05:33:04Z,2022-09-06T18:46:34Z
2022-09-07,2022-09-07T05:34:33Z,2022-09-07T18:44:44Z
2022-09-08,2022-09-08T05:36:03Z,2022-09-08T18:42:53Z
2022-09-09,2022-09-09T05:37:33Z,2022-09-09T18:41:01Z
2022-09-10,2022-09-10T05:39:04Z,2022-09-10T18:39:09Z
2022-09-11,2022-09-11T05:40:35Z,2022-09-11T18:37:17Z
2022-09-12,2022-09-12T05:42:06Z,2022-09-12T18:35:23Z
2022-09-13,2022-09-13T05:43:37Z,2022-09-13T18:33:29Z
2022-09-14,2022-09-14T05:45:09Z,2022-09-14T18:31:35Z
2022-09-15,2022-09-15T05:46:41Z,2022-09-15T18:29:40Z
2022-09-16,2022-09-16T05:48:13Z,2022-09-16T18:27:45Z
2022-09-17,2022-09-17T05:49:45Z,2022-09-17T18:25:49Z
2022-09-18,2022-09-18T05:51:18Z,2022-09-18T18:23:52Z
2022-09-19,2022-09-19T05:52:50Z,2022-09-19T18:21:56Z
2022-09-20,2022-09-20T05:54:23Z,2022-09-20T18:19:59Z
2022-09-21,2022-09-21T05:55:56Z,2022-09-21T18:18:01Z
2022-09-22,2022-09-22T05:57:29Z,2022-09-22T18:16:04Z
2022-09-23,2022-09-23T05:59:02Z,2022-09-23T18:14:06Z
2022-09-24,2022-09-24T06:00:35Z,2022-09-24T18:12:07Z
2022-09-25,2022-09-25T06:02:08Z,2022-09-25T18:10:09Z
2022-09-26,2022-09-26T06:03:41Z,2022-09-26T18:08:10Z
2022-09-27,2022-09-27T06:05:15Z,2022-09-27T18:06:12Z
2022-09-28,2022-09-28T06:06:48Z,2022-09-28T18:04:13Z
2022-09-29,2022-09-29T06:08:21Z,2022-09-29T18:02:14Z
2022-09-30,2022-09-30T06:09:54Z,2022-09-30T18:00:15Z
2022-10-01,2022-10-01T06:11:27Z,2022-10-01T17:58:16Z
2022-10-02,2022-10-02T06:13:01Z,2022-10-02T17:56:17Z
2022-10-03,2022-10-03T06:14:34Z,2022-10-03T17:54:18Z
2022-10-04,2022-10-04T06:16:06Z,2022-10-04T17:52:19Z
2022-10-05,2022-10-05T06:17:39Z,2022-10-05T17:50:20Z
2022-10-06,2022-10-06T06:19:12Z,2022-10-06T17:48:22Z
2022-10-07,2022-10-07T06:20:44Z,2022-10-07T17:46:23Z
2022-10-08,2022-10-08T06:22:17Z,2022-10-08T17:44:25Z
2022-10-09,2022-10-09T06:23:49Z,2022-10-09T17:42:27Z
2022-10-10,2022-10-10T06:25:21Z,2022-10-10T17:40:29Z
2022-10-11,2022-10-11T06:26:53Z,2022-10-11T17:38:32Z
2022-10-12,2022-10-12T06:28:24Z,2022-10-12T17:36:35Z
2022-10-13,2022-10-13T06:29:56Z,2022-10-13T17:34:39Z
2022-10-14,2022-10-14T06:31:27Z,2022-10-14T17:32:43Z
2022-10-15,2022-10-15T06:32:58Z,2022-10-15T17:30:47Z
2022-10-16,2022-10-16T06:34:28Z,2022-10-16T17:28:52Z
2022-10-17,2022-10-17T06:35:58Z,2022-10-17T17:26:57Z
2022-10-18,2022-10-18T06:37:28Z,2022-10-18T17:25:03Z
2022-10-19,2022-10-19T06:38:58Z,2022-10-19T17:23:10Z
2022-10-20,2022-10-20T06:40:28Z,2022-10-20T17:21:18Z
2022-10-21,2022-10-21T06:41:57Z,2022-10-21T17:19:26Z
2022-10-22,2022-10-22T06:43:25Z,2022-10-22T17:17:34Z
2022-10-23,2022-10-23T06:44:54Z,2022-10-23T17:15:44Z
2022-10-24,2022-10-24T06:46:22Z,2022-10-24T17:13:55Z
2022-10-25,2022-10-25T06:47:50Z,2022-10-25T17:12:06Z
2022-10-26,2022-10-26T06:49:17Z,2022-10-26T17:10:18Z
2022-10-27,2022-10-27T06:50:44Z,2022-10-27T17:08:32Z
2022-10-28,2022-10-28T06:52:10Z,2022-10-28T17:06:46Z
2022-10-29,2022-10-29T06:53:37Z,2022-10-29T17:05:01Z
2022-10-30,2022-10-30T06:55:02Z,2022-10-30T17:03:18Z
2022-10-31,2022-10-31T06:56:28Z,2022-10-31T17:01:35Z
2022-11-01,2022-11-01T06:57:53Z,2022-11-01T16:59:54Z
2022-11-02,2022-11-02T06:59:17Z,2022-11-02T16:58:14Z
2022-11-03,2022-11-03T07:00:41Z,2022-11-03T16:56:35Z
2022-11-04,2022-11-04T07:02:05Z,2022-11-04T16:54:57Z
2022-11-05,2022-11-05T07:03:28Z,2022-11-05T16:53:21Z
2022-11-06,2022-11-06T07:04:50Z,2022-11-06T16:51:46Z
2022-11-07,2022-11-07T07:06:12Z,2022-11-07T16:50:13Z
2022-11-08,2022-11-08T07:07:34Z,2022-11-08T16:48:41Z
2022-11-09,2022-11-09T07:08:55Z,2022-11-09T16:47:11Z
2022-11-10,2022-11-10T07:10:16Z,2022-11-10T16:45:42Z
2022-11-11,2022-11-11T07:11:36Z,2022-11-11T16:44:15Z
2022-11-12,2022-11-12T07:12:56Z,2022-11-12T16:42:50Z
2022-11-13,2022-11-13T07:14:16Z,2022-11-13T16:41:26Z
2022-11-14,2022-11-14T07:15:34Z,2022-11-14T16:40:04Z
2022-11-15,2022-11-15T07:16:53Z,2022-11-15T16:38:44Z
2022-11-16,2022-11-16T07:18:11Z,2022-11-16T16:37:26Z
2022-11-17,2022-11-17T07:19:28Z,2022-11-17T16:36:09Z
2022-11-18,2022-11-18T07:20:45Z,2022-11-18T16:34:55Z
2022-11-19,2022-11-19T07:22:01Z,2022-11-19T16:33:43Z
2022-11-20,2022-11-20T07:23:17Z,2022-11-20T16:32:32Z
2022-11-21,2022-11-21T07:24:32Z,2022-11-21T16:31:24Z
2022-11-22,2022-11-22T07:25:47Z,2022-11-22T16:30:18Z
2022-11-23,2022-11-23T07:27:01Z,2022-11-23T16:29:15Z
2022-11-24,2022-11-24T07:28:15Z,2022-11-24T16:28:13Z
2022-11-25,2022-11-25T07:29:29Z,2022-11-25T16:27:14Z
2022-11-26,2022-11-26T07:30:41Z,2022-11-26T16:26:17Z
2022-11-27,2022-11-27T07:31:54Z,2022-11-27T16:25:23Z
2022-11-28,2022-11-28T07:33:06Z,2022-11-28T16:24:31Z
2022-11-29,2022-11-29T07:34:17Z,2022-11-29T16:23:41Z
2022-11-30,2022-11-30T07:35:28Z,2022-11-30T16:22:54Z
2022-12-01,2022-12-01T07:36:38Z,2022-12-01T16:22:10Z
2022-12-02,2022-12-02T07:37:48Z,2022-12-02T16:21:29Z
2022-12-03,2022-12-03T07:38:58Z,2022-12-03T16:20:50Z
2022-12-04,2022-12-04T07:40:07Z,2022-12-04T16:20:14Z
2022-12-05,2022-12-05T07:41:16Z,2022-12-05T16:19:41Z
2022-12-06,2022-12-06T07:42:24Z,2022-12-06T16:19:10Z
2022-12-07,2022-12-07T07:43:32Z,2022-12-07T16:18:43Z
2022-12-08,2022-12-08T07:44:39Z,2022-12-08T16:18:19Z
2022-12-09,2022-12-09T07:45:46Z,2022-12-09T16:17:58Z
2022-12-10,2022-12-10T07:46:53Z,2022-12-10T16:17:40Z
2022-12-11,2022-12-11T07:47:59Z,2022-12-11T16:17:25Z
2022-12-12,2022-12-12T07:49:05Z,2022-12-12T16:17:13Z
2022-12-13,2022-12-13T07:50:10Z,2022-12-13T16:17:05Z
2022-12-14,2022-12-14T07:51:15Z,2022-12-14T16:17:00Z
2022-12-15,2022-12-15T07:52:20Z,2022-12-15T16:16:58Z
2022-12-16,2022-12-16T07:53:24Z,2022-12-16T16:17:00Z
2022-12-17,2022-12-17T07:54:29Z,2022-12-17T16:17:05Z
2022-12-18,2022-12-18T07:55:32Z,2022-12-18T16:17:14Z
2022-12-19,2022-12-19T07:56:36Z,2022-12-19T16:17:27Z
2022-12-20,2022-12-20T07:57:39Z,2022-12-20T16:17:43Z
2022-12-21,2022-12-21T07:58:42Z,2022-12-21T16:18:03Z
2022-12-22,2022-12-22T07:59:45Z,2022-12-22T16:18:27Z
2022-12-23,2022-12-23T08:00:47Z,2022-12-23T16:18:55Z
2022-12-24,2022-12-24T08:01:50Z,2022-12-24T16:19:27Z
2022-12-25,2022-12-25T08:02:52Z,2022-12-25T16:20:03Z
2022-12-26,2022-12-26T08:03:54Z,2022-12-26T16:20:43Z
2022-12-27,2022-12-27T08:04:56Z,2022-12-27T16:21:27Z
2022-12-28,2022-12-28T08:05:58Z,2022-12-28T16:22:15Z
2022-12-29,2022-12-29T08:06:59Z,2022-12-29T16:23:07Z
2022-12-30,2022-12-30T08:08:01Z,2022-12-30T16:24:04Z
2022-12-31,2022-12-31T08:09:03Z,2022-12-31T16:25:05Z
2023-01-01,2023-01-01T07:57:11Z,2023-01-01T16:39:14Z
2023-01-02,2023-01-02T07:57:53Z,2023-01-02T16:39:28Z
2023-01-03,2023-01-03T07:58:30Z,2023-01-03T16:39:45Z
2023-01-04,2023-01-04T07:59:01Z,2023-01-04T16:40:05Z
2023-01-05,2023-01-05T07:59:27Z,2023-01-05T16:40:28Z
2023-01-06,2023-01-06T07:59:47Z,2023-01-06T16:40:54Z
2023-01-07,2023-01-07T08:00:02Z,2023-01-07T16:41:23Z
2023-01-08,2023-01-08T08:00:12Z,2023-01-08T16:41:54Z
2023-01-09,2023-01-09T08:00:17Z,2023-01-09T16:42:28Z
2023-01-10,2023-01-10T08:00:17Z,2023-01-10T16:43:05Z
2023-01-11,2023-01-11T08:00:12Z,2023-01-11T16:43:45Z
2023-01-12,2023-01-12T08:00:02Z,2023-01-12T16:44:27Z
2023-01-13,2023-01-13T07:59:47Z,2023-01-13T16:45:12Z
2023-01-14,2023-01-14T07:59:29Z,2023-01-14T16:45:59Z
2023-01-15,2023-01-15T07:59:05Z,2023-01-15T16:46:49Z
2023-01-16,2023-01-16T07:58:38Z,2023-01-16T16:47:41Z
2023-01-17,2023-01-17T07:58:06Z,2023-01-17T16:48:35Z
2023-01-18,2023-01-18T07:57:30Z,2023-01-18T16:49:31Z
2023-01-19,2023-01-19T07:56:51Z,2023-01-19T16:50:30Z
2023-01-20,2023-01-20T07:56:07Z,2023-01-20T16:51:31Z
2023-01-21,2023-01-21T07:55:19Z,2023-01-21T16:52:34Z
2023-01-22,2023-01-22T07:54:28Z,2023-01-22T16:53:39Z
2023-01-23,2023-01-23T07:53:34Z,2023-01-23T16:54:46Z
2023-01-24,2023-01-24T07:52:36Z,2023-01-24T16:55:55Z
2023-01-25,2023-01-25T07:51:34Z,2023-01-25T16:57:06Z
2023-01-26,2023-01-26T07:50:29Z,2023-01-26T16:58:19Z
2023-01-27,2023-01-27T07:49:21Z,2023-01-27T16:59:34Z
2023-01-28,2023-01-28T07:48:10Z,2023-01-28T17:00:50Z
2023-01-29,2023-01-29T07:46:56Z,2023-01-29T17:02:08Z
2023-01-30,2023-01-30T07:45:39Z,2023-01-30T17:03:28Z
2023-01-31,2023-01-31T07:44:20Z,2023-01-31T17:04:49Z
2023-02-01,2023-02-01T07:42:57Z,2023-02-01T17:06:12Z
2023-02-02,2023-02-02T07:41:32Z,2023-02-02T17:07:37Z
2023-02-03,2023-02-03T07:40:04Z,2023-02-03T17:09:03Z
2023-02-04,2023-02-04T07:38:34Z,2023-02-04T17:10:30Z
2023-02-05,2023-02-05T07:37:01Z,2023-02-05T17:11:59Z
2023-02-06,2023-02-06T07:35:26Z,2023-02-06T17:13:29Z
2023-02-07,2023-02-07T07:33:49Z,2023-02-07T17:15:01Z
2023-02-08,2023-02-08T07:32:10Z,2023-02-08T17:16:33Z
2023-02-09,2023-02-09T07:30:29Z,2023-02-09T17:18:07Z
2023-02-10,2023-02-10T07:28:46Z,2023-02-10T17:19:42Z
2023-02-11,2023-02-11T07:27:01Z,2023-02-11T17:21:19Z
2023-02-12,2023-02-12T07:25:14Z,2023-02-12T17:22:56Z
2023-02-13,2023-02-13T07:23:25Z,2023-02-13T17:24:34Z
2023-02-14,2023-02-14T07:21:35Z,2023-02-14T17:26:14Z
2023-02-15,2023-02-15T07:19:43Z,2023-02-15T17:27:54Z
2023-02-16,2023-02-16T07:17:49Z,2023-02-16T17:29:35Z
2023-02-17,2023-02-17T07:15:54Z,2023-02-17T17:31:17Z
2023-02-18,2023-02-18T07:13:58Z,2023-02-18T17:33:00Z
2023-02-19,2023-02-19T07:12:00Z,2023-02-19T17:34:44Z
2023-02-20,2023-02-20T07:10:01Z,2023-02-20T17:36:29Z
2023-02-21,2023-02-21T07:08:02Z,2023-02-21T17:38:14Z
2023-02-22,2023-02-22T07:06:00Z,2023-02-22T17:40:00Z
2023-02-23,2023-02-23T07:03:58Z,2023-02-23T17:41:46Z
2023-02-24,2023-02-24T07:01:55Z,2023-02-24T17:43:33Z
2023-02-25,2023-02-25T06:59:51Z,2023-02-25T17:45:21Z
2023-02-26,2023-02-26T06:57:47Z,2023-02-26T17:47:09Z
2023-02-27,2023-02-27T06:55:41Z,2023-02-27T17:48:58Z
2023-02-28,2023-02-28T06:53:35Z,2023-02-28T17:50:47Z
2023-03-01,2023-03-01T06:51:28Z,2023-03-01T17:52:36Z
2023-03-02,2023-03-02T06:49:20Z,2023-03-02T17:54:26Z
2023-03-03,2023-03-03T06:47:12Z,2023-03-03T17:56:17Z
2023-03-04,2023-03-04T06:45:04Z,2023-03-04T17:58:07Z
2023-03-05,2023-03-05T06:42:55Z,2023-03-05T17:59:58Z
2023-03-06,2023-03-06T06:40:46Z,2023-03-06T18:01:49Z
2023-03-07,2023-03-07T06:38:36Z,2023-03-07T18:03:40Z
2023-03-08,2023-03-08T06:36:26Z,2023-03-08T18:05:31Z
2023-03-09,2023-03-09T06:34:16Z,2023-03-09T18:07:23Z
2023-03-10,2023-03-10T06:32:06Z,2023-03-10T18:09:14Z
2023-03-11,2023-03-11T06:29:56Z,2023-03-11T18:11:06Z
2023-03-12,2023-03-12T06:27:46Z,2023-03-12T18:12:57Z
2023-03-13,2023-03-13T06:25:36Z,2023-03-13T18:14:49Z
2023-03-14,2023-03-14T06:23:26Z,2023-03-14T18:16:40Z
2023-03-15,2023-03-15T06:21:16Z,2023-03-15T18:18:32Z
2023-03-16,2023-03-16T06:19:06Z,2023-03-16T18:20:23Z
2023-03-17,2023-03-17T06:16:56Z,2023-03-17T18:22:14Z
2023-03-18,2023-03-18T06:14:47Z,2023-03-18T18:24:05Z
2023-03-19,2023-03-19T06:12:38Z,2023-03-19T18:25:56Z
2023-03-20,2023-03-20T06:10:30Z,2023-03-20T18:27:46Z
2023-03-21,2023-03-21T06:08:21Z,2023-03-21T18:29:37Z
2023-03-22,2023-03-22T06:06:14Z,2023-03-22T18:31:27Z
2023-03-23,2023-03-23T06:04:06Z,2023-03-23T18:33:16Z
2023-03-24,2023-03-24T06:01:59Z,2023-03-24T18:35:05Z
2023-03-25,2023-03-25T05:59:53Z,2023-03-25T18:36:54Z
2023-03-26,2023-03-26T05:57:48Z,2023-03-26T18:38:42Z
2023-03-27,2023-03-27T05:55:43Z,2023-03-27T18:40:30Z
2023-03-28,2023-03-28T05:53:38Z,2023-03-28T18:42:18Z
2023-03-29,2023-03-29T05:51:35Z,2023-03-29T18:44:05Z
2023-03-30,2023-03-30T05:49:32Z,2023-03-30T18:45:51Z
2023-03-31,2023-03-31T05:47:30Z,2023-03-31T18:47:37Z
2023-04-01,2023-04-01T05:45:29Z,2023-04-01T18:49:22Z
2023-04-02,2023-04-02T05:43:29Z,2023-04-02T18:51:07Z
2023-04-03,2023-04-03T05:41:29Z,2023-04-03T18:52:51Z
2023-04-04,2023-04-04T05:39:31Z,2023-04-04T18:54:34Z
2023-04-05,2023-04-05T05:37:34Z,2023-04-05T18:56:17Z
2023-04-06,2023-04-06T05:35:37Z,2023-04-06T18:57:59Z
2023-04-07,2023-04-07T05:33:42Z,2023-04-07T18:59:40Z
2023-04-08,2023-04-08T05:31:47Z,2023-04-08T19:01:20Z
2023-04-09,2023-04-09T05:29:54Z,2023-04-09T19:03:00Z
2023-04-10,2023-04-10T05:28:02Z,2023-04-10T19:04:38Z
2023-04-11,2023-04-11T05:26:11Z,2023-04-11T19:06:16Z
2023-04-12,2023-04-12T05:24:21Z,2023-04-12T19:07:53Z
2023-04-13,2023-04-13T05:22:32Z,2023-04-13T19:09:29Z
2023-04-14,2023-04-14T05:20:45Z,2023-04-14T19:11:04Z
2023-04-15,2023-04-15T05:18:59Z,2023-04-15T19:12:39Z
2023-04-16,2023-04-16T05:17:14Z,2023-04-16T19:14:12Z
2023-04-17,2023-04-17T05:15:31Z,2023-04-17T19:15:44Z
2023-04-18,2023-04-18T05:13:48Z,2023-04-18T19:17:16Z
2023-04-19,2023-04-19T05:12:07Z,2023-04-19T19:18:46Z
2023-04-20,2023-04-20T05:10:28Z,2023-04-20T19:20:15Z
2023-04-21,2023-04-21T05:08:50Z,2023-04-21T19:21:43Z
2023-04-22,2023-04-22T05:07:13Z,2023-04-22T19:23:10Z
2023-04-23,2023-04-23T05:05:38Z,2023-04-23T19:24:36Z
2023-04-24,2023-04-24T05:04:04Z,2023-04-24T19:26:01Z
2023-04-25,2023-04-25T05:02:32Z,2023-04-25T19:27:25Z
2023-04-26,2023-04-26T05:01:01Z,2023-04-26T19:28:47Z
2023-04-27,2023-04-27T04:59:32Z,2023-04-27T19:30:09Z
2023-04-28,2023-04-28T04:58:04Z,2023-04-28T19:31:29Z
2023-04-29,2023-04-29T04:56:38Z,2023-04-29T19:32:48Z
2023-04-30,2023-04-30T04:55:13Z,2023-04-30T19:34:05Z
2023-05-01,2023-05-01T04:53:50Z,2023-05-01T19:35:22Z
2023-05-02,2023-05-02T04:52:29Z,2023-05-02T19:36:37Z
2023-05-03,2023-05-03T04:51:09Z,2023-05-03T19:37:51Z
2023-05-04,2023-05-04T04:49:50Z,2023-05-04T19:39:03Z
2023-05-05,2023-05-05T04:48:34Z,2023-05-05T19:40:14Z
2023-05-06,2023-05-06T04:47:19Z,2023-05-06T19:41:24Z
2023-05-07,2023-05-07T04:46:05Z,2023-05-07T19:42:33Z
2023-05-08,2023-05-08T04:44:54Z,2023-05-08T19:43:40Z
2023-05-09,2023-05-09T04:43:44Z,2023-05-09T19:44:46Z
2023-05-10,2023-05-10T04:42:35Z,2023-05-10T19:45:50Z
2023-05-11,2023-05-11T04:41:29Z,2023-05-11T19:46:53Z
2023-05-12,2023-05-12T04:40:24Z,2023-05-12T19:47:54Z
2023-05-13,2023-05-13T04:39:21Z,2023-05-13T19:48:54Z
2023-05-14,2023-05-14T04:38:19Z,2023-05-14T19:49:53Z
2023-05-15,2023-05-15T04:37:19Z,2023-05-15T19:50:50Z
2023-05-16,2023-05-16T04:36:21Z,2023-05-16T19:51:46Z
2023-05-17,2023-05-17T04:35:25Z,2023-05-17T19:52:40Z
2023-05-18,2023-05-18T04:34:30Z,2023-05-18T19:53:33Z
2023-05-19,2023-05-19T04:33:38Z,2023-05-19T19:54:24Z
2023-05-20,2023-05-20T04:32:47Z,2023-05-20T19:55:14Z
2023-05-21,2023-05-21T04:31:57Z,2023-05-21T19:56:02Z
2023-05-22,2023-05-22T04:31:10Z,2023-05-22T19:56:48Z
2023-05-23,2023-05-23T04:30:24Z,2023-05-23T19:57:33Z
2023-05-24,2023-05-24T04:29:40Z,2023-05-24T19:58:17Z
2023-05-25,2023-05-25T04:28:58Z,2023-05-25T19:58:59Z
2023-05-26,2023-05-26T04:28:17Z,2023-05-26T19:59:39Z
2023-05-27,2023-05-27T04:27:39Z,2023-05-27T20:00:18Z
2023-05-28,2023-05-28T04:27:02Z,2023-05-28T20:00:55Z
2023-05-29,2023-05-29T04:26:27Z,2023-05-29T20:01:30Z
2023-05-30,2023-05-30T04:25:54Z,2023-05-30T20:02:04Z
2023-05-31,2023-05-31T04:25:22Z,2023-05-31T20:02:36Z
2023-06-01,2023-06-01T04:24:52Z,2023-06-01T20:03:07Z
2023-06-02,2023-06-02T04:24:24Z,2023-06-02T20:03:36Z
2023-06-03,2023-06-03T04:23:58Z,2023-06-03T20:04:03Z
2023-06-04,2023-06-04T04:23:34Z,2023-06-04T20:04:29Z
2023-06-05,2023-06-05T04:23:11Z,2023-06-05T20:04:53Z
2023-06-06,2023-06-06T04:22:50Z,2023-06-06T20:05:16Z
2023-06-07,2023-06-07T04:22:31Z,2023-06-07T20:05:36Z
2023-06-08,2023-06-08T04:22:14Z,2023-06-08T20:05:55Z
2023-06-09,2023-06-09T04:21:58Z,2023-06-09T20:06:13Z
2023-06-10,2023-06-10T04:21:44Z,2023-06-10T20:06:28Z
2023-06-11,2023-06-11T04:21:32Z,2023-06-11T20:06:43Z
2023-06-12,2023-06-12T04:21:21Z,2023-06-12T20:06:55Z
2023-06-13,2023-06-13T04:21:13Z,2023-06-13T20:07:05Z
2023-06-14,2023-06-14T04:21:06Z,2023-06-14T20:07:14Z
2023-06-15,2023-06-15T04:21:01Z,2023-06-15T20:07:22Z
2023-06-16,2023-06-16T04:20:57Z,2023-06-16T20:07:27Z
2023-06-17,2023-06-17T04:20:55Z,2023-06-17T20:07:31Z
2023-06-18,2023-06-18T04:20:55Z,2023-06-18T20:07:33Z
2023-06-19,2023-06-19T04:20:57Z,2023-06-19T20:07:34Z
2023-06-20,2023-06-20T04:21:00Z,2023-06-20T20:07:32Z
2023-06-21,2023-06-21T04:21:05Z,2023-06-21T20:07:30Z
2023-06-22,2023-06-22T04:21:12Z,2023-06-22T20:07:25Z
2023-06-23,2023-06-23T04:21:20Z,2023-06-23T20:07:19Z
2023-06-24,2023-06-24T04:21:30Z,2023-06-24T20:07:10Z
2023-06-25,2023-06-25T04:21:41Z,2023-06-25T20:07:01Z
2023-06-26,2023-06-26T04:21:55Z,2023-06-26T20:06:49Z
2023-06-27,2023-06-27T04:22:09Z,2023-06-27T20:06:36Z
2023-06-28,2023-06-28T04:22:26Z,2023-06-28T20:06:21Z
2023-06-29,2023-06-29T04:22:44Z,2023-06-29T20:06:05Z
2023-06-30,2023-06-30T04:23:03Z,2023-06-30T20:05:46Z
2023-07-01,2023-07-01T04:23:25Z,2023-07-01T20:05:27Z
2023-07-02,2023-07-02T04:23:47Z,2023-07-02T20:05:05Z
2023-07-03,2023-07-03T04:24:11Z,2023-07-03T20:04:42Z
2023-07-04,2023-07-04T04:24:37Z,2023-07-04T20:04:17Z
2023-07-05,2023-07-05T04:25:05Z,2023-07-05T20:03:50Z
2023-07-06,2023-07-06T04:25:33Z,2023-07-06T20:03:22Z
2023-07-07,2023-07-07T04:26:04Z,2023-07-07T20:02:52Z
2023-07-08,2023-07-08T04:26:35Z,2023-07-08T20:02:20Z
2023-07-09,2023-07-09T04:27:09Z,2023-07-09T20:01:47Z
2023-07-10,2023-07-10T04:27:43Z,2023-07-10T20:01:12Z
2023-07-11,2023-07-11T04:28:19Z,2023-07-11T20:00:35Z
2023-07-12,2023-07-12T04:28:57Z,2023-07-12T19:59:57Z
2023-07-13,2023-07-13T04:29:36Z,2023-07-13T19:59:17Z
2023-07-14,2023-07-14T04:30:16Z,2023-07-14T19:58:36Z
2023-07-15,2023-07-15T04:30:58Z,2023-07-15T19:57:53Z
2023-07-16,2023-07-16T04:31:41Z,2023-07-16T19:57:08Z
2023-07-17,2023-07-17T04:32:26Z,2023-07-17T19:56:22Z
2023-07-18,2023-07-18T04:33:11Z,2023-07-18T19:55:34Z
2023-07-19,2023-07-19T04:33:58Z,2023-07-19T19:54:44Z
2023-07-20,2023-07-20T04:34:47Z,2023-07-20T19:53:53Z
2023-07-21,2023-07-21T04:35:36Z,2023-07-21T19:53:01Z
2023-07-22,2023-07-22T04:36:27Z,2023-07-22T19:52:06Z
2023-07-23,2023-07-23T04:37:20Z,2023-07-23T19:51:11Z
2023-07-24,2023-07-24T04:38:13Z,2023-07-24T19:50:13Z
2023-07-25,2023-07-25T04:39:08Z,2023-07-25T19:49:15Z
2023-07-26,2023-07-26T04:40:03Z,2023-07-26T19:48:14Z
2023-07-27,2023-07-27T04:41:00Z,2023-07-27T19:47:13Z
2023-07-28,2023-07-28T04:41:59Z,2023-07-28T19:46:09Z
2023-07-29,2023-07-29T04:42:58Z,2023-07-29T19:45:05Z
2023-07-30,2023-07-30T04:43:58Z,2023-07-30T19:43:58Z
2023-07-31,2023-07-31T04:45:00Z,2023-07-31T19:42:51Z
2023-08-01,2023-08-01T04:46:03Z,2023-08-01T19:41:42Z
2023-08-02,2023-08-02T04:47:06Z,2023-08-02T19:40:31Z
2023-08-03,2023-08-03T04:48:11Z,2023-08-03T19:39:19Z
2023-08-04,2023-08-04T04:49:17Z,2023-08-04T19:38:06Z
2023-08-05,2023-08-05T04:50:24Z,2023-08-05T19:36:51Z
2023-08-06,2023-08-06T04:51:31Z,2023-08-06T19:35:35Z
2023-08-07,2023-08-07T04:52:40Z,2023-08-07T19:34:18Z
2023-08-08,2023-08-08T04:53:50Z,2023-08-08T19:32:59Z
2023-08-09,2023-08-09T04:55:01Z,2023-08-09T19:31:39Z
2023-08-10,2023-08-10T04:56:12Z,2023-08-10T19:30:17Z
2023-08-11,2023-08-11T04:57:25Z,2023-08-11T19:28:55Z
2023-08-12,2023-08-12T04:58:38Z,2023-08-12T19:27:31Z
2023-08-13,2023-08-13T04:59:52Z,2023-08-13T19:26:06Z
2023-08-14,2023-08-14T05:01:07Z,2023-08-14T19:24:39Z
2023-08-15,2023-08-15T05:02:23Z,2023-08-15T19:23:11Z
2023-08-16,2023-08-16T05:03:40Z,2023-08-16T19:21:43Z
2023-08-17,2023-08-17T05:04:58Z,2023-08-17T19:20:12Z
2023-08-18,2023-08-18T05:06:16Z,2023-08-18T19:18:41Z
2023-08-19,2023-08-19T05:07:35Z,2023-08-19T19:17:09Z
2023-08-20,2023-08-20T05:08:55Z,2023-08-20T19:15:35Z
2023-08-21,2023-08-21T05:10:15Z,2023-08-21T19:14:01Z
2023-08-22,2023-08-22T05:11:36Z,2023-08-22T19:12:25Z
2023-08-23,2023-08-23T05:12:58Z,2023-08-23T19:10:48Z
2023-08-24,2023-08-24T05:14:21Z,2023-08-24T19:09:11Z
2023-08-25,2023-08-25T05:15:44Z,2023-08-25T19:07:32Z
2023-08-26,2023-08-26T05:17:08Z,2023-08-26T19:05:52Z
2023-08-27,2023-08-27T05:18:32Z,2023-08-27T19:04:11Z
2023-08-28,2023-08-28T05:19:57Z,2023-08-28T19:02:29Z
2023-08-29,2023-08-29T05:21:22Z,2023-08-29T19:00:47Z
2023-08-30,2023-08-30T05:22:48Z,2023-08-30T18:59:03Z
2023-08-31,2023-08-31T05:24:15Z,2023-08-31T18:57:18Z
